grid_wind_mps,grid_rotor_speed_rpm,actual_wind_mps,actual_rotor_speed_rpm,wind_error_mps,rotor_speed_error_rpm,lin_time_s,lin_file,GTomega,GTbeta,GTu,GFomega,GFbeta,GFu
2,1.0,2.0,1.00003373623,0.0,3.373623000002546e-05,10.329,D:\zju_soft_study\blade_fracture\后处理\outputs\linearization\2mps_1rpm.lin,269.154290143,371.888469998,-18677.976498,4.56878526529,-29.7051741314,64.7261510658
2,1.5,2.0,1.49994027615,0.0,-5.9723849999970824e-05,9.841,D:\zju_soft_study\blade_fracture\后处理\outputs\linearization\2mps_1.5rpm.lin,333.725567742,617.939884628,-19225.4197663,9.7090864436,-45.8656632053,29.5343936693
2,2.0,2.0,2.00029850006,0.0,0.0002985000599999843,9.413,D:\zju_soft_study\blade_fracture\后处理\outputs\linearization\2mps_2rpm.lin,410.764074586,1005.31813147,-16574.5947173,16.5450371678,-57.3524153812,10.8478703644
2,2.5,2.0,2.50004267693,0.0,4.2676930000151714e-05,9.042,D:\zju_soft_study\blade_fracture\后处理\outputs\linearization\2mps_2.5rpm.lin,448.715628735,1201.26355393,-11743.8443071,23.4659151504,-66.5558598008,20.2549533044
2,3.0,2.0,3.00064182281,0.0,0.0006418228100000256,8.605,D:\zju_soft_study\blade_fracture\后处理\outputs\linearization\2mps_3rpm.lin,516.050077908,1621.61348372,-4316.87888769,31.8230321041,-74.3626633245,33.6276987181
2,3.5,2.0,3.49950218201,0.0,-0.0004978179899999269,8.247,D:\zju_soft_study\blade_fracture\后处理\outputs\linearization\2mps_3.5rpm.lin,549.822150603,1757.64003769,-562.214836472,39.7314660566,-87.15084113,77.4947799078
2,4.0,2.0,3.99985980988,0.0,-0.00014019012000021647,7.826,D:\zju_soft_study\blade_fracture\后处理\outputs\linearization\2mps_4rpm.lin,636.668482039,2183.18211415,6746.57803767,51.5515740755,-106.496386762,154.066336806
2,4.5,2.0,4.50014209747,0.0,0.00014209747000037964,7.443,D:\zju_soft_study\blade_fracture\后处理\outputs\linearization\2mps_4.5rpm.lin,715.516627556,2684.07997708,46305.7328052,63.6662255941,-118.228249477,626.784494244
2,5.0,2.0,4.99958944321,0.0,-0.0004105567900003493,7.117,D:\zju_soft_study\blade_fracture\后处理\outputs\linearization\2mps_5rpm.lin,767.133151696,3437.35383014,18639.0332728,74.9849643702,-149.053584258,344.613970724
2,5.5,2.0,5.49932098389,0.0,-0.0006790161100003189,6.757,D:\zju_soft_study\blade_fracture\后处理\outputs\linearization\2mps_5.5rpm.lin,831.982987558,5235.56988914,32404.3443009,89.5772038075,-107.226606932,529.31452558
2,6.0,2.0,6.000436306,0.0,0.00043630600000010844,6.406,D:\zju_soft_study\blade_fracture\后处理\outputs\linearization\2mps_6rpm.lin,835.076807294,5045.45529622,64887.4702986,102.739012725,-152.983630448,1320.82438592
2,6.5,2.0,6.50004577637,0.0,4.5776370000361055e-05,6.088,D:\zju_soft_study\blade_fracture\后处理\outputs\linearization\2mps_6.5rpm.lin,790.282583603,6979.90309973,53872.3566872,114.663779307,-45.1674026831,1064.33624795
2,7.0,2.0,7.00008964539,0.0,8.964539000011484e-05,5.764,D:\zju_soft_study\blade_fracture\后处理\outputs\linearization\2mps_7rpm.lin,712.401079957,7141.34981674,61141.7587129,125.011929362,-48.8907874293,1390.20599393
2,7.5,2.0,7.49980211258,0.0,-0.00019788741999970938,5.319,D:\zju_soft_study\blade_fracture\后处理\outputs\linearization\2mps_7.5rpm.lin,657.603864214,8416.08601113,129295.088444,135.80249008,31.5755212205,3789.8024785
2,8.0,2.0,7.99974441528,0.0,-0.0002555847199996464,4.923,D:\zju_soft_study\blade_fracture\后处理\outputs\linearization\2mps_8rpm.lin,528.594535294,7804.94076399,103347.262297,144.423164844,69.6448177587,3001.31407528
2,8.5,2.0,8.49993038177,0.0,-6.961823000040113e-05,4.048,D:\zju_soft_study\blade_fracture\后处理\outputs\linearization\2mps_8.5rpm.lin,273.686435933,52582.3939968,393808.216538,152.770326477,1545.36551654,14332.2259089
2,9.0,2.0,8.99989318848,0.0,-0.00010681152000024952,3.297,D:\zju_soft_study\blade_fracture\后处理\outputs\linearization\2mps_9rpm.lin,93.3813854793,11542.0747278,189810.174568,173.813906748,-2151.31945656,-881.146421652
2,9.5,2.0,9.49963092804,0.0,-0.00036907195999980047,2.641,D:\zju_soft_study\blade_fracture\后处理\outputs\linearization\2mps_9.5rpm.lin,-480.567200499,18114.8311419,362277.632875,158.316389435,1672.69673353,-4755.32588795
2,10.0,2.0,9.99987411499,0.0,-0.0001258850100001041,2.36,D:\zju_soft_study\blade_fracture\后处理\outputs\linearization\2mps_10rpm.lin,-173.606033538,13386.7012114,126706.035407,171.241149416,4080.93369918,-22818.0441911
2,10.5,2.0,10.5001583099,0.0,0.00015830989999976453,2.034,D:\zju_soft_study\blade_fracture\后处理\outputs\linearization\2mps_10.5rpm.lin,-326.714231627,37287.9459251,46058.6447561,136.25778483,10858.1157214,20996.2174519
2,11.0,2.0,10.9998130798,0.0,-0.00018692020000088405,1.722,D:\zju_soft_study\blade_fracture\后处理\outputs\linearization\2mps_11rpm.lin,-501.249353776,-19281.8076628,-26579.8702147,56.1840181777,12371.9399356,39026.4830674
2,11.5,2.0,11.5000829697,0.0,8.296969999932458e-05,1.394,D:\zju_soft_study\blade_fracture\后处理\outputs\linearization\2mps_11.5rpm.lin,-307.875991363,1380.6150555,60635.0491628,13.4278071199,-3298.44942207,44201.9034012
2,12.0,2.0,11.9999828339,0.0,-1.716609999924401e-05,0.972,D:\zju_soft_study\blade_fracture\后处理\outputs\linearization\2mps_12rpm.lin,-303.444938874,-67309.1495722,87539.893877,67.2514036022,-7919.41075346,31170.0231133
3,1.0,3.0,1.00037491322,0.0,0.00037491321999993943,10.318,D:\zju_soft_study\blade_fracture\后处理\outputs\linearization\3mps_1rpm.lin,2514.9339506,1032.16516702,-31309.9053875,5.45362409015,-47.7881548684,86.6509490186
3,1.5,3.0,1.50015950203,0.0,0.00015950203000003604,9.789,D:\zju_soft_study\blade_fracture\后处理\outputs\linearization\3mps_1.5rpm.lin,477.319098822,1426.35467508,-30349.7534574,12.2001983392,-67.7461258876,27.7369064458
3,2.0,3.0,1.99971282482,0.0,-0.00028717517999998776,9.421,D:\zju_soft_study\blade_fracture\后处理\outputs\linearization\3mps_2rpm.lin,460.258482789,1472.26650887,-29169.818498,17.2699015486,-81.4995321275,-20.5102384548
3,2.5,3.0,2.50021386147,0.0,0.00021386146999979871,9.0,D:\zju_soft_study\blade_fracture\后处理\outputs\linearization\3mps_2.5rpm.lin,496.504405682,1839.31961897,-20212.8767163,25.2095850061,-83.4734446896,-8.97344789005
3,3.0,3.0,3.00002932549,0.0,2.932548999989848e-05,8.609,D:\zju_soft_study\blade_fracture\后处理\outputs\linearization\3mps_3rpm.lin,537.669387551,2207.32028084,-8626.59580294,33.4903164065,-86.5105329087,52.6516880096
3,3.5,3.0,3.49974632263,0.0,-0.0002536773699999273,8.249,D:\zju_soft_study\blade_fracture\后处理\outputs\linearization\3mps_3.5rpm.lin,565.868463611,2261.47586135,-11201.3248948,42.5354278557,-93.1994198622,-37.68428467
3,4.0,3.0,3.99992060661,0.0,-7.939339000007095e-05,7.805,D:\zju_soft_study\blade_fracture\后处理\outputs\linearization\3mps_4rpm.lin,642.108175215,2791.27801203,-802.140913183,54.5258465669,-110.236076335,41.5170589831
3,4.5,3.0,4.49998807907,0.0,-1.1920929999575947e-05,7.459,D:\zju_soft_study\blade_fracture\后处理\outputs\linearization\3mps_4.5rpm.lin,713.345115713,3416.63665641,9546.90926137,67.3257318613,-120.701126609,224.930696917
3,5.0,3.0,5.00070858002,0.0,0.0007085800200004044,7.126,D:\zju_soft_study\blade_fracture\后处理\outputs\linearization\3mps_5rpm.lin,774.504675594,4444.55600382,11856.645373,79.6357175685,-122.883472827,223.084250897
3,5.5,3.0,5.50011348724,0.0,0.00011348724000015409,6.75,D:\zju_soft_study\blade_fracture\后处理\outputs\linearization\3mps_5.5rpm.lin,798.133519538,5515.2272409,25177.9141098,94.2795862895,-123.869875486,586.498399274
3,6.0,3.0,5.9996213913,0.0,-0.00037860870000017144,6.434,D:\zju_soft_study\blade_fracture\后处理\outputs\linearization\3mps_6rpm.lin,806.205687989,6548.77214346,24816.2345016,107.000893681,-78.5092310977,489.699865526
3,6.5,3.0,6.5003247261,0.0,0.0003247260999996726,6.144,D:\zju_soft_study\blade_fracture\后处理\outputs\linearization\3mps_6.5rpm.lin,758.729211618,6791.24989337,33331.8197317,117.360220216,-55.1872372934,860.108127612
3,7.0,3.0,6.99955511093,0.0,-0.0004448890699997321,5.772,D:\zju_soft_study\blade_fracture\后处理\outputs\linearization\3mps_7rpm.lin,703.629629262,8581.42932748,37571.7074157,128.521082052,47.9040183049,908.787159035
3,7.5,3.0,7.49952173233,0.0,-0.00047826767000014314,5.382,D:\zju_soft_study\blade_fracture\后处理\outputs\linearization\3mps_7.5rpm.lin,603.433760087,9043.99171446,75107.6049692,137.667704801,75.3542863756,2152.62034124
3,8.0,3.0,7.99936437607,0.0,-0.000635623930000051,5.041,D:\zju_soft_study\blade_fracture\后处理\outputs\linearization\3mps_8rpm.lin,577.819667894,8927.4681478,54287.7510886,149.364861864,162.038785957,1740.35930271
3,8.5,3.0,8.49987316132,0.0,-0.00012683867999996323,4.294,D:\zju_soft_study\blade_fracture\后处理\outputs\linearization\3mps_8.5rpm.lin,496.252326059,11519.4899713,232141.01267,163.376010502,267.090609831,7182.11548662
3,9.0,3.0,8.99981594086,0.0,-0.00018405914000041435,3.247,D:\zju_soft_study\blade_fracture\后处理\outputs\linearization\3mps_9rpm.lin,193.412741076,12638.8510078,171794.232898,180.131923688,16.2428706219,-7091.91939621
3,9.5,3.0,9.50012111664,0.0,0.0001211166400008068,2.715,D:\zju_soft_study\blade_fracture\后处理\outputs\linearization\3mps_9.5rpm.lin,13.2664094855,12928.2485613,161606.327103,173.450626871,4308.14504164,-12541.7327991
3,10.0,3.0,9.99968338013,0.0,-0.000316619870000423,2.391,D:\zju_soft_study\blade_fracture\后处理\outputs\linearization\3mps_10rpm.lin,-46.925036803,49327.2931155,91823.6486422,158.761455781,9272.31859332,-209.935317122
3,10.5,3.0,10.5002450943,0.0,0.00024509430000030363,2.046,D:\zju_soft_study\blade_fracture\后处理\outputs\linearization\3mps_10.5rpm.lin,-385.283657543,10399.6962179,157.563393661,100.466338164,8695.47142009,15039.6944989
3,11.0,3.0,11.0002069473,0.0,0.0002069473000005928,1.745,D:\zju_soft_study\blade_fracture\后处理\outputs\linearization\3mps_11rpm.lin,-250.934765681,5157.60862968,-22721.3575632,65.3601269757,2539.26306976,20161.8476627
3,11.5,3.0,11.5003519058,0.0,0.0003519058000005515,1.412,D:\zju_soft_study\blade_fracture\后处理\outputs\linearization\3mps_11.5rpm.lin,-487.417289037,-45555.9022046,76047.6138518,57.8375647895,-3322.20833193,27904.1636811
3,12.0,3.0,11.9996566772,0.0,-0.00034332279999915727,0.983,D:\zju_soft_study\blade_fracture\后处理\outputs\linearization\3mps_12rpm.lin,-167.380882646,-46204.7769271,114749.12242,79.9085594134,-6762.09660612,32507.6333721
4,1.0,4.0,1.00004982948,0.0,4.982947999998544e-05,10.275,D:\zju_soft_study\blade_fracture\后处理\outputs\linearization\4mps_1rpm.lin,45638.8821938,2016.9946646,-41981.6919451,-229.758636768,-76.194200218,96.0724573182
4,1.5,4.0,1.49989557266,0.0,-0.00010442733999993514,9.773,D:\zju_soft_study\blade_fracture\后处理\outputs\linearization\4mps_1.5rpm.lin,909.850704109,2659.72979848,-38312.0763166,16.9015225983,-81.2771533809,60.4116571709
4,2.0,4.0,1.99947035313,0.0,-0.0005296468700000112,9.41,D:\zju_soft_study\blade_fracture\后处理\outputs\linearization\4mps_2rpm.lin,629.213358455,2671.61736918,-37093.6457554,20.7854984588,-93.3679797672,6.73183444596
4,2.5,4.0,2.50006818771,0.0,6.81877100001671e-05,8.969,D:\zju_soft_study\blade_fracture\后处理\outputs\linearization\4mps_2.5rpm.lin,604.734474746,2773.41156205,-24932.6165537,28.1475260725,-93.3206828615,8.75663036504
4,3.0,4.0,3.0001065731,0.0,0.00010657310000006248,8.61,D:\zju_soft_study\blade_fracture\后处理\outputs\linearization\4mps_3rpm.lin,583.360728454,2880.64143652,-16952.3887634,35.0641516272,-94.9040926452,17.2754608639
4,3.5,4.0,3.50037693977,0.0,0.0003769397700001953,8.219,D:\zju_soft_study\blade_fracture\后处理\outputs\linearization\4mps_3.5rpm.lin,591.253335099,3135.11703692,-12325.7545678,45.475915635,-89.9744451321,27.2770434694
4,4.0,4.0,3.99933028221,0.0,-0.000669717790000135,7.794,D:\zju_soft_study\blade_fracture\后处理\outputs\linearization\4mps_4rpm.lin,658.007496962,3639.80790654,-5196.01100459,57.4572235912,-103.725518265,32.3967347052
4,4.5,4.0,4.50055265427,0.0,0.0005526542699998416,7.465,D:\zju_soft_study\blade_fracture\后处理\outputs\linearization\4mps_4.5rpm.lin,700.750171754,4119.0874437,2456.55654662,68.7484965146,-119.763933326,158.011016938
4,5.0,4.0,4.99986028671,0.0,-0.00013971329000028732,7.122,D:\zju_soft_study\blade_fracture\后处理\outputs\linearization\4mps_5rpm.lin,776.986892783,5451.37459792,11176.2579913,84.1919545344,-104.240931248,331.017413671
4,5.5,4.0,5.49931049347,0.0,-0.0006895065299996617,6.747,D:\zju_soft_study\blade_fracture\后处理\outputs\linearization\4mps_5.5rpm.lin,817.677803312,6945.28777839,17217.3817437,98.1339414046,-83.15151749,369.73682717
4,6.0,4.0,5.9999628067,0.0,-3.7193299999849216e-05,6.463,D:\zju_soft_study\blade_fracture\后处理\outputs\linearization\4mps_6rpm.lin,789.585942567,7160.0917631,24787.5866118,109.570966401,-63.3663979101,641.220344941
4,6.5,4.0,6.499314785,0.0,-0.0006852149999998502,6.169,D:\zju_soft_study\blade_fracture\后处理\outputs\linearization\4mps_6.5rpm.lin,764.25940036,8238.50454974,29822.4532366,120.673548303,34.5020578457,700.194711745
4,7.0,4.0,6.99971294403,0.0,-0.00028705597000033833,5.792,D:\zju_soft_study\blade_fracture\后处理\outputs\linearization\4mps_7rpm.lin,681.069790776,9139.07694646,39992.4541001,129.740887912,63.9766447793,1117.37960632
4,7.5,4.0,7.49952173233,0.0,-0.00047826767000014314,5.428,D:\zju_soft_study\blade_fracture\后处理\outputs\linearization\4mps_7.5rpm.lin,623.855096341,9459.89420904,49138.2929049,141.913953003,160.404799949,1454.99946334
4,8.0,4.0,8.00023841858,0.0,0.00023841858000039906,5.113,D:\zju_soft_study\blade_fracture\后处理\outputs\linearization\4mps_8rpm.lin,579.111998082,9480.27314772,59917.0614258,152.034307989,204.072838892,2062.87187411
4,8.5,4.0,8.4999704361,0.0,-2.9563900000084686e-05,4.408,D:\zju_soft_study\blade_fracture\后处理\outputs\linearization\4mps_8.5rpm.lin,466.483369478,10801.7235271,107945.248603,165.367862395,203.986548062,3196.03020096
4,9.0,4.0,8.99983501434,0.0,-0.0001649856599996724,3.313,D:\zju_soft_study\blade_fracture\后处理\outputs\linearization\4mps_9rpm.lin,121.563096842,16056.6225896,128722.130649,194.177154315,894.835025306,-6159.96773257
4,9.5,4.0,9.50014972687,0.0,0.000149726869999256,2.771,D:\zju_soft_study\blade_fracture\后处理\outputs\linearization\4mps_9.5rpm.lin,-54.2968000599,7411.21304761,43380.0670638,170.174504647,3410.04770943,-14203.0865934
4,10.0,4.0,9.99992752075,0.0,-7.247925000086752e-05,2.424,D:\zju_soft_study\blade_fracture\后处理\outputs\linearization\4mps_10rpm.lin,-39.4463291914,47628.6988713,76328.7212701,156.119052415,9437.02364297,2528.62389429
4,10.5,4.0,10.4996137619,0.0,-0.00038623810000082415,2.073,D:\zju_soft_study\blade_fracture\后处理\outputs\linearization\4mps_10.5rpm.lin,-398.587206589,11715.3789679,25951.4071332,92.9175976768,6014.28307122,19215.5720542
4,11.0,4.0,11.0003347397,0.0,0.0003347396999995311,1.781,D:\zju_soft_study\blade_fracture\后处理\outputs\linearization\4mps_11rpm.lin,-333.980423003,7656.28893759,10180.7438222,62.1655538215,403.036424266,22428.1643164
4,11.5,4.0,11.5001621246,0.0,0.0001621245999992027,1.439,D:\zju_soft_study\blade_fracture\后处理\outputs\linearization\4mps_11.5rpm.lin,-518.217985414,-67379.4124757,114607.673464,49.3001020305,-5414.72892748,30718.1474147
4,12.0,4.0,11.9998664856,0.0,-0.0001335143999998678,1.007,D:\zju_soft_study\blade_fracture\后处理\outputs\linearization\4mps_12rpm.lin,-206.830385685,-30906.3624445,156620.699039,72.9214044044,-5540.32454558,35198.184987
5,1.0,5.0,0.999902784824,0.0,-9.721517600003171e-05,10.2,D:\zju_soft_study\blade_fracture\后处理\outputs\linearization\5mps_1rpm.lin,84657.9778648,3804.31908832,-51994.129415,-731.910189664,-114.768092454,133.532056085
5,1.5,5.0,1.50007867813,0.0,7.867812999995394e-05,9.756,D:\zju_soft_study\blade_fracture\后处理\outputs\linearization\5mps_1.5rpm.lin,49666.4334559,4208.71590048,-44998.6728351,67.4621163482,-92.0334385234,83.0620944211
5,2.0,5.0,1.999599576,0.0,-0.0004004239999999548,9.378,D:\zju_soft_study\blade_fracture\后处理\outputs\linearization\5mps_2rpm.lin,887.005675018,4545.11140773,-41800.852141,28.2214617053,-80.6319777116,24.4968832696
5,2.5,5.0,2.50041007996,0.0,0.00041007995999997604,8.948,D:\zju_soft_study\blade_fracture\后处理\outputs\linearization\5mps_2.5rpm.lin,787.008278633,4383.69246482,-31723.9569191,33.9808607467,-79.620720264,-6.5115198641
5,3.0,5.0,3.00005054474,0.0,5.054474000010245e-05,8.605,D:\zju_soft_study\blade_fracture\后处理\outputs\linearization\5mps_3rpm.lin,653.734996608,3780.38111576,-25741.9194394,37.5211275569,-97.2838719423,-46.5947855366
5,3.5,5.0,3.49977636337,0.0,-0.00022363662999991263,8.183,D:\zju_soft_study\blade_fracture\后处理\outputs\linearization\5mps_3.5rpm.lin,664.513020426,3983.29699934,-16972.0841876,48.9194461096,-93.9688494577,-19.807330027
5,4.0,5.0,4.00029039383,0.0,0.0002903938300002906,7.787,D:\zju_soft_study\blade_fracture\后处理\outputs\linearization\5mps_4rpm.lin,685.92126379,4556.85032465,-8153.90562196,60.0235686029,-97.678367639,73.3822410463
5,4.5,5.0,4.49949645996,0.0,-0.0005035400400004164,7.466,D:\zju_soft_study\blade_fracture\后处理\outputs\linearization\5mps_4.5rpm.lin,744.081429129,5548.49247326,-4236.30669775,72.7105600317,-92.2345034885,97.9175919413
5,5.0,5.0,5.00060462952,0.0,0.0006046295199997331,7.097,D:\zju_soft_study\blade_fracture\后处理\outputs\linearization\5mps_5rpm.lin,823.569601684,6724.46551447,4300.7644497,89.8707052237,-84.6399772037,206.410283812
5,5.5,5.0,5.499771595,0.0,-0.00022840499999965402,6.756,D:\zju_soft_study\blade_fracture\后处理\outputs\linearization\5mps_5.5rpm.lin,807.360256421,7878.70139749,14467.1843271,99.7837390891,-58.741151856,393.796578333
5,6.0,5.0,6.00020217896,0.0,0.0002021789600004098,6.483,D:\zju_soft_study\blade_fracture\后处理\outputs\linearization\5mps_6rpm.lin,834.768560082,9511.31824904,22660.4807974,114.524526509,40.6429578297,620.965391637
5,6.5,5.0,6.50039052963,0.0,0.0003905296299997474,6.181,D:\zju_soft_study\blade_fracture\后处理\outputs\linearization\5mps_6.5rpm.lin,764.792576813,9186.9654905,30538.6504805,121.903073809,55.7653906774,850.148509689
5,7.0,5.0,6.9994764328,0.0,-0.0005235672000001301,5.813,D:\zju_soft_study\blade_fracture\后处理\outputs\linearization\5mps_7rpm.lin,724.941803561,10554.0833858,43344.2572016,137.660455083,210.450497884,1374.20346176
5,7.5,5.0,7.50007677078,0.0,7.677077999979076e-05,5.481,D:\zju_soft_study\blade_fracture\后处理\outputs\linearization\5mps_7.5rpm.lin,646.759494863,11172.8608964,49095.3210703,145.621546799,260.737754215,1361.67000999
5,8.0,5.0,7.99980401993,0.0,-0.0001959800699999903,5.166,D:\zju_soft_study\blade_fracture\后处理\outputs\linearization\5mps_8rpm.lin,557.60824786,10567.2231039,63018.195492,150.252383113,279.12875286,2096.66743156
5,8.5,5.0,8.50005626678,0.0,5.6266779999702976e-05,4.523,D:\zju_soft_study\blade_fracture\后处理\outputs\linearization\5mps_8.5rpm.lin,465.597181763,10583.0381365,73460.3513082,167.589997956,128.184855305,2180.37298444
5,9.0,5.0,9.00018692017,0.0,0.0001869201699999934,3.803,D:\zju_soft_study\blade_fracture\后处理\outputs\linearization\5mps_9rpm.lin,270.188874703,11567.9428631,71956.337096,189.016508632,-447.371965791,-2345.09835054
5,9.5,5.0,9.50024795532,0.0,0.00024795532000077003,2.842,D:\zju_soft_study\blade_fracture\后处理\outputs\linearization\5mps_9.5rpm.lin,-64.278797986,15728.5323266,18907.6072393,172.764130893,4411.75279838,-10480.2037948
5,10.0,5.0,10.0000886917,0.0,8.869170000025406e-05,2.471,D:\zju_soft_study\blade_fracture\后处理\outputs\linearization\5mps_10rpm.lin,-9.0553296725,32922.9933638,90344.7013335,136.281302573,8281.27564875,6721.95875741
5,10.5,5.0,10.5000963211,0.0,9.632109999913041e-05,2.115,D:\zju_soft_study\blade_fracture\后处理\outputs\linearization\5mps_10.5rpm.lin,69.9752250316,14665.1570233,-15061.6280395,72.8452597458,3353.23511151,21044.1131426
5,11.0,5.0,11.0002384186,0.0,0.00023841860000040072,1.832,D:\zju_soft_study\blade_fracture\后处理\outputs\linearization\5mps_11rpm.lin,-422.573248707,-19343.791681,64647.5442219,46.5190387927,-1801.88999639,23922.5546282
5,11.5,5.0,11.4999189377,0.0,-8.106229999960135e-05,1.481,D:\zju_soft_study\blade_fracture\后处理\outputs\linearization\5mps_11.5rpm.lin,-658.675633942,-77784.4015728,143146.343141,33.6721264541,-6983.55159719,31482.2403493
5,12.0,5.0,11.9995737076,0.0,-0.0004262924000002499,1.05,D:\zju_soft_study\blade_fracture\后处理\outputs\linearization\5mps_12rpm.lin,141.516369694,-13901.7048205,208985.460527,145.480684192,-1457.47620657,39407.746194
6,1.0,6.0,0.999783694744,0.0,-0.0002163052560000267,10.126,D:\zju_soft_study\blade_fracture\后处理\outputs\linearization\6mps_1rpm.lin,80994.3834677,7758.80190045,-56165.5307375,-757.521245468,-107.343344826,147.941241724
6,1.5,6.0,1.50018596649,0.0,0.0001859664899999114,9.735,D:\zju_soft_study\blade_fracture\后处理\outputs\linearization\6mps_1.5rpm.lin,126158.421805,6759.42781596,-55952.0144342,-427.533001607,-94.3737519911,71.3504510135
6,2.0,6.0,1.9996188879,0.0,-0.000381112099999914,9.325,D:\zju_soft_study\blade_fracture\后处理\outputs\linearization\6mps_2rpm.lin,35120.2874094,6600.94654697,-44106.1120199,211.603426708,-55.80170348,48.4307403855
6,2.5,6.0,2.49942231178,0.0,-0.0005776882199999278,8.93,D:\zju_soft_study\blade_fracture\后处理\outputs\linearization\6mps_2.5rpm.lin,964.308641817,5930.51590483,-35537.707243,38.0811165539,-65.4001132227,17.5342430712
6,3.0,6.0,2.99970531464,0.0,-0.00029468536000010204,8.59,D:\zju_soft_study\blade_fracture\后处理\outputs\linearization\6mps_3rpm.lin,826.513348977,5375.80161738,-28655.051729,44.9936066771,-64.0859828816,5.18963237289
6,3.5,6.0,3.49980449677,0.0,-0.0001955032300000603,8.137,D:\zju_soft_study\blade_fracture\后处理\outputs\linearization\6mps_3.5rpm.lin,765.22974868,5465.62820762,-17693.6529109,54.2374504345,-66.9191538544,37.7961904893
6,4.0,6.0,3.99952816963,0.0,-0.0004718303699999815,7.784,D:\zju_soft_study\blade_fracture\后处理\outputs\linearization\6mps_4rpm.lin,748.151371135,5715.014118,-16934.4838323,63.4899847233,-82.5895002507,-33.1520989858
6,4.5,6.0,4.5002822876,0.0,0.00028228760000015285,7.452,D:\zju_soft_study\blade_fracture\后处理\outputs\linearization\6mps_4.5rpm.lin,752.839331715,6630.28288231,-10431.4128576,74.5017792474,-76.5944531293,48.6790314222
6,5.0,6.0,5.00067901611,0.0,0.0006790161100003189,7.069,D:\zju_soft_study\blade_fracture\后处理\outputs\linearization\6mps_5rpm.lin,887.637199318,8891.95604763,2499.52838126,95.1701390129,-20.8391495388,244.626121124
6,5.5,6.0,5.50052881241,0.0,0.0005288124099998015,6.768,D:\zju_soft_study\blade_fracture\后处理\outputs\linearization\6mps_5.5rpm.lin,909.321023514,10920.9303578,14621.1667345,106.809773883,60.1640773935,499.379718901
6,6.0,6.0,5.99974679947,0.0,-0.0002532005300004414,6.499,D:\zju_soft_study\blade_fracture\后处理\outputs\linearization\6mps_6rpm.lin,880.580049583,10959.5988229,21851.1779118,121.409618968,113.582423127,730.073565514
6,6.5,6.0,6.49960565567,0.0,-0.00039434433000007374,6.183,D:\zju_soft_study\blade_fracture\后处理\outputs\linearization\6mps_6.5rpm.lin,851.901313645,12234.6508484,33324.6577593,134.059980117,260.000878957,1095.55797155
6,7.0,6.0,6.99946498871,0.0,-0.0005350112900002202,5.828,D:\zju_soft_study\blade_fracture\后处理\outputs\linearization\6mps_7rpm.lin,762.946927045,13137.9889804,43895.7290795,143.337322781,392.726491941,1398.1513071
6,7.5,6.0,7.49996948242,0.0,-3.0517579999944644e-05,5.535,D:\zju_soft_study\blade_fracture\后处理\outputs\linearization\6mps_7.5rpm.lin,668.445921451,11948.5218934,49790.0323969,148.95317902,356.249431754,1426.12776194
6,8.0,6.0,8.00042629242,0.0,0.0004262924200002516,5.214,D:\zju_soft_study\blade_fracture\后处理\outputs\linearization\6mps_8rpm.lin,576.126541966,12190.3173704,63891.9561295,157.438278153,531.887444878,1984.7616122
6,8.5,6.0,8.4999332428,0.0,-6.675720000082208e-05,4.635,D:\zju_soft_study\blade_fracture\后处理\outputs\linearization\6mps_8.5rpm.lin,479.198389222,11320.713387,64142.6251649,171.064940225,222.627064145,2034.44779599
6,9.0,6.0,8.99991893768,0.0,-8.1062319999603e-05,4.038,D:\zju_soft_study\blade_fracture\后处理\outputs\linearization\6mps_9rpm.lin,349.900010321,10927.7995838,71483.646915,196.864388105,-204.435630678,-1474.02345263
6,9.5,6.0,9.5000038147,0.0,3.814699999438176e-06,2.942,D:\zju_soft_study\blade_fracture\后处理\outputs\linearization\6mps_9.5rpm.lin,-14.9975949972,19160.3306425,12995.3989908,164.872982076,4548.11496328,-8652.55795303
6,10.0,6.0,10.0007629395,0.0,0.0007629394999995043,2.534,D:\zju_soft_study\blade_fracture\后处理\outputs\linearization\6mps_10rpm.lin,-332.566689938,26078.3171995,117381.147291,102.174921646,5650.16572216,11894.6933516
6,10.5,6.0,10.5000782013,0.0,7.820129999913661e-05,2.182,D:\zju_soft_study\blade_fracture\后处理\outputs\linearization\6mps_10.5rpm.lin,-280.151326634,15079.190794,19813.5967529,40.870821654,937.41107245,22223.1528554
6,11.0,6.0,10.9995336533,0.0,-0.0004663466999996757,1.893,D:\zju_soft_study\blade_fracture\后处理\outputs\linearization\6mps_11rpm.lin,-836.000263188,-49599.9570405,122509.119558,-4.90270116114,-3453.09259847,29773.6622993
6,11.5,6.0,11.5003070831,0.0,0.0003070830999991614,1.539,D:\zju_soft_study\blade_fracture\后处理\outputs\linearization\6mps_11.5rpm.lin,-144.548413693,-67707.2931556,180152.254734,124.977750826,-4391.31704,35170.6561555
6,12.0,6.0,12.000243187,0.0,0.00024318700000058868,1.119,D:\zju_soft_study\blade_fracture\后处理\outputs\linearization\6mps_12rpm.lin,526.3190675,7671.62810918,263537.30935,234.614788683,2905.81639777,42604.0561595
7,1.0,7.0,0.999802649021,0.0,-0.00019735097899997722,10.071,D:\zju_soft_study\blade_fracture\后处理\outputs\linearization\7mps_1rpm.lin,31070.0439079,13741.3579938,-71283.55931,-583.273677485,-55.3840819914,-65.6572424535
7,1.5,7.0,1.4995136261,0.0,-0.00048637390000005887,9.705,D:\zju_soft_study\blade_fracture\后处理\outputs\linearization\7mps_1.5rpm.lin,121241.332926,11859.6883565,-67037.8525234,-1430.73844926,-46.197866732,-25.1648211289
7,2.0,7.0,2.00007581711,0.0,7.581710999993163e-05,9.267,D:\zju_soft_study\blade_fracture\后处理\outputs\linearization\7mps_2rpm.lin,96341.4591088,9265.62892898,-53220.6171952,123.084749601,4.03402778605,-40.747706475
7,2.5,7.0,2.50021338463,0.0,0.00021338462999986874,8.913,D:\zju_soft_study\blade_fracture\后处理\outputs\linearization\7mps_2.5rpm.lin,1682.70143384,8023.93921366,-38857.2814685,52.1048593102,-5.9096446472,42.5312054711
7,3.0,7.0,3.00009608269,0.0,9.608268999983238e-05,8.555,D:\zju_soft_study\blade_fracture\后处理\outputs\linearization\7mps_3rpm.lin,1007.69692346,7401.04058154,-30590.5747807,50.2705518747,-23.8563316064,40.9715181137
7,3.5,7.0,3.49963068962,0.0,-0.0003693103799999875,8.098,D:\zju_soft_study\blade_fracture\后处理\outputs\linearization\7mps_3.5rpm.lin,928.936682574,7160.31129753,-17976.5508222,62.670130561,-20.9539513664,93.1895710733
7,4.0,7.0,4.00070142746,0.0,0.0007014274600001258,7.777,D:\zju_soft_study\blade_fracture\后处理\outputs\linearization\7mps_4rpm.lin,861.47276458,7557.30359578,-17206.638785,70.0928988606,-26.6589979088,72.8786648592
7,4.5,7.0,4.50026416779,0.0,0.0002641677900001582,7.419,D:\zju_soft_study\blade_fracture\后处理\outputs\linearization\7mps_4.5rpm.lin,940.769000277,9409.88623078,-10735.7966863,86.0489450146,16.0377192127,116.829675413
7,5.0,7.0,5.00071954727,0.0,0.0007195472700001204,7.049,D:\zju_soft_study\blade_fracture\后处理\outputs\linearization\7mps_5rpm.lin,1003.70462711,11723.7265592,4902.37013459,103.948941059,96.3899433985,430.893357451
7,5.5,7.0,5.49911308289,0.0,-0.0008869171099998852,6.777,D:\zju_soft_study\blade_fracture\后处理\outputs\linearization\7mps_5.5rpm.lin,1018.77950068,12626.129509,10051.8283183,119.840890444,173.796252898,488.077231145
7,6.0,7.0,6.00089883804,0.0,0.0008988380400003493,6.51,D:\zju_soft_study\blade_fracture\后处理\outputs\linearization\7mps_6rpm.lin,1024.71719845,14086.8631971,22273.7342857,135.141584478,307.529416485,862.346244
7,6.5,7.0,6.49932718277,0.0,-0.0006728172299999002,6.179,D:\zju_soft_study\blade_fracture\后处理\outputs\linearization\7mps_6.5rpm.lin,963.919591123,15241.7453096,33424.9253734,149.729901099,518.577984501,1128.34637662
7,7.0,7.0,7.00080490112,0.0,0.000804901120000423,5.846,D:\zju_soft_study\blade_fracture\后处理\outputs\linearization\7mps_7rpm.lin,862.668806475,14944.7243636,44325.4474258,159.148942094,623.619870875,1422.65868154
7,7.5,7.0,7.5000743866,0.0,7.438659999969843e-05,5.584,D:\zju_soft_study\blade_fracture\后处理\outputs\linearization\7mps_7.5rpm.lin,765.800527939,14181.0378917,54273.4271438,166.008969314,691.892305551,1962.38044832
7,8.0,7.0,7.99991846085,0.0,-8.153914999997625e-05,5.266,D:\zju_soft_study\blade_fracture\后处理\outputs\linearization\7mps_8rpm.lin,646.437675978,14216.9128071,63361.970169,171.073932118,774.59921682,1850.47462896
7,8.5,7.0,8.49964427948,0.0,-0.0003557205199999913,4.733,D:\zju_soft_study\blade_fracture\后处理\outputs\linearization\7mps_8.5rpm.lin,517.690323565,13030.6400226,69592.8861911,177.997228167,395.170165066,2339.27924793
7,9.0,7.0,8.99994277954,0.0,-5.722046000045111e-05,4.261,D:\zju_soft_study\blade_fracture\后处理\outputs\linearization\7mps_9rpm.lin,420.238029122,11911.8637723,72901.717458,200.820563018,166.436265224,-62.8910704812
7,9.5,7.0,9.49972438812,0.0,-0.0002756118799993601,3.084,D:\zju_soft_study\blade_fracture\后处理\outputs\linearization\7mps_9.5rpm.lin,-11.1048316605,21550.3155891,9367.85995039,144.023886413,4184.04082206,-8787.74018282
7,10.0,7.0,10.0005226135,0.0,0.0005226134999993803,2.624,D:\zju_soft_study\blade_fracture\后处理\outputs\linearization\7mps_10rpm.lin,-277.767708773,34720.3221129,102373.234045,43.5722401585,3091.81339305,14199.5056071
7,10.5,7.0,10.4995155334,0.0,-0.0004844665999996778,2.284,D:\zju_soft_study\blade_fracture\后处理\outputs\linearization\7mps_10.5rpm.lin,-122.990270944,3484.3255801,56056.7582811,93.8551240783,134.34893369,22348.487373
7,11.0,7.0,10.999917984,0.0,-8.201600000035114e-05,1.964,D:\zju_soft_study\blade_fracture\后处理\outputs\linearization\7mps_11rpm.lin,-664.899708765,-55146.0713843,192549.629026,112.055836618,-1746.1921741,34843.4435397
7,11.5,7.0,11.5000705719,0.0,7.057190000026026e-05,1.616,D:\zju_soft_study\blade_fracture\后处理\outputs\linearization\7mps_11.5rpm.lin,312.144024067,-30438.0104644,212785.782153,222.683841314,791.099976183,37940.101373
7,12.0,7.0,12.0002031326,0.0,0.00020313259999937827,1.228,D:\zju_soft_study\blade_fracture\后处理\outputs\linearization\7mps_12rpm.lin,896.958778944,19559.3692858,309254.417545,271.196624057,4848.26529736,45187.1781878
8,1.0,8.0,1.00030946732,0.0,0.00030946731999992316,10.026,D:\zju_soft_study\blade_fracture\后处理\outputs\linearization\8mps_1rpm.lin,6027.39604645,16554.8642574,-102715.218229,-123.896264005,-49.2325521524,-405.077209483
8,1.5,8.0,1.50042152405,0.0,0.0004215240500000661,9.657,D:\zju_soft_study\blade_fracture\后处理\outputs\linearization\8mps_1.5rpm.lin,69623.0084604,19985.3707566,-86950.8216439,-1548.27350101,85.5346879585,-386.844429305
8,2.0,8.0,2.00026416779,0.0,0.0002641677900001582,9.223,D:\zju_soft_study\blade_fracture\后处理\outputs\linearization\8mps_2rpm.lin,136226.008173,13919.0548447,-60996.728771,-675.442036434,84.7169389314,-78.9495555595
8,2.5,8.0,2.49955058098,0.0,-0.00044941902000017464,8.897,D:\zju_soft_study\blade_fracture\后处理\outputs\linearization\8mps_2.5rpm.lin,36305.1146018,10712.5838419,-44610.1358303,284.801505212,35.3126394977,-19.1708656794
8,3.0,8.0,2.99967837334,0.0,-0.00032162665999990736,8.497,D:\zju_soft_study\blade_fracture\后处理\outputs\linearization\8mps_3rpm.lin,1170.15664517,8980.00862541,-30909.2825542,60.5924949431,40.4614290136,78.5438969643
8,3.5,8.0,3.49970555305,0.0,-0.00029444694999991583,8.071,D:\zju_soft_study\blade_fracture\后处理\outputs\linearization\8mps_3.5rpm.lin,1133.4352092,9326.23837076,-19317.6301615,72.5561805272,64.1692279833,128.300021898
8,4.0,8.0,3.99956583977,0.0,-0.0004341602300002023,7.762,D:\zju_soft_study\blade_fracture\后处理\outputs\linearization\8mps_4rpm.lin,1028.63359095,9826.71882637,-19835.0826702,79.9204992777,62.9755308297,49.5183250675
8,4.5,8.0,4.49939680099,0.0,-0.0006031990100003881,7.372,D:\zju_soft_study\blade_fracture\后处理\outputs\linearization\8mps_4.5rpm.lin,1084.24877595,11583.9274747,-11394.6981507,99.4109869733,131.128874956,192.981585489
8,5.0,8.0,4.99982738495,0.0,-0.0001726150500003243,7.036,D:\zju_soft_study\blade_fracture\后处理\outputs\linearization\8mps_5rpm.lin,1191.93608182,14332.5087917,1396.58462563,120.853766914,273.382040004,405.490736456
8,5.5,8.0,5.49983978271,0.0,-0.0001602172900003751,6.782,D:\zju_soft_study\blade_fracture\后处理\outputs\linearization\8mps_5.5rpm.lin,1254.52198564,17074.7270127,12200.4200501,139.366899131,453.121315424,694.879185325
8,6.0,8.0,5.99971628189,0.0,-0.00028371811000038605,6.513,D:\zju_soft_study\blade_fracture\后处理\outputs\linearization\8mps_6rpm.lin,1198.17382661,18029.8362792,20762.5581011,152.814488993,618.985208485,846.56752347
8,6.5,8.0,6.49981451035,0.0,-0.00018548964999975937,6.174,D:\zju_soft_study\blade_fracture\后处理\outputs\linearization\8mps_6.5rpm.lin,1129.24422542,17965.6678526,34800.0240818,166.211860112,788.641799292,1226.26396856
8,7.0,8.0,6.99945354462,0.0,-0.0005464553800003102,5.871,D:\zju_soft_study\blade_fracture\后处理\outputs\linearization\8mps_7rpm.lin,999.560487323,17748.3612735,45306.63765,173.401600851,929.430443228,1519.68102693
8,7.5,8.0,7.50075054169,0.0,0.0007505416900004391,5.627,D:\zju_soft_study\blade_fracture\后处理\outputs\linearization\8mps_7.5rpm.lin,885.971564882,17995.4486846,55935.0047496,179.431748826,1114.1391868,1997.29506396
8,8.0,8.0,8.0004825592,0.0,0.00048255919999995456,5.323,D:\zju_soft_study\blade_fracture\后处理\outputs\linearization\8mps_8rpm.lin,728.068772733,15278.7833972,64013.709661,182.137582725,837.805533746,1833.01732114
8,8.5,8.0,8.49971675873,0.0,-0.0002832412699991238,4.828,D:\zju_soft_study\blade_fracture\后处理\outputs\linearization\8mps_8.5rpm.lin,565.169924435,14950.0684922,78466.5700432,186.382416089,602.224836647,2666.93948702
8,9.0,8.0,9.00017738342,0.0,0.00017738342000050977,4.401,D:\zju_soft_study\blade_fracture\后处理\outputs\linearization\8mps_9rpm.lin,480.86270161,13604.6611431,68583.0480772,205.983471692,447.698354957,-91.5389602377
8,9.5,8.0,9.50004482269,0.0,4.48226900005011e-05,3.263,D:\zju_soft_study\blade_fracture\后处理\outputs\linearization\8mps_9.5rpm.lin,344.110240683,25675.6038614,17260.3535783,179.054389461,4384.87861974,-8053.19038453
8,10.0,8.0,9.99971103668,0.0,-0.00028896331999916924,2.771,D:\zju_soft_study\blade_fracture\后处理\outputs\linearization\8mps_10rpm.lin,262.006425374,47957.1788372,117961.267059,130.366082942,4006.12461261,15129.2191544
8,10.5,8.0,10.5001468658,0.0,0.00014686579999967364,2.408,D:\zju_soft_study\blade_fracture\后处理\outputs\linearization\8mps_10.5rpm.lin,-86.7765574033,3561.68341256,82233.7675462,127.630893789,1747.80536096,25354.7253044
8,11.0,8.0,11.0001153946,0.0,0.000115394599999874,2.053,D:\zju_soft_study\blade_fracture\后处理\outputs\linearization\8mps_11rpm.lin,74.4995000797,-43429.0367963,259671.634726,257.946479772,1660.42544958,38465.1634775
8,11.5,8.0,11.500087738,0.0,8.773799999950427e-05,1.74,D:\zju_soft_study\blade_fracture\后处理\outputs\linearization\8mps_11.5rpm.lin,1055.28465368,-11608.636302,260088.81962,278.309008851,2852.94708226,40637.2554313
8,12.0,8.0,11.9996747971,0.0,-0.0003252028999991552,1.343,D:\zju_soft_study\blade_fracture\后处理\outputs\linearization\8mps_12rpm.lin,1043.60330027,23755.8078539,354504.207039,260.683315751,5248.64071141,47197.2305152
9,1.0,9.0,0.999709784985,0.0,-0.0002902150150000393,9.982,D:\zju_soft_study\blade_fracture\后处理\outputs\linearization\9mps_1rpm.lin,2396.19235098,18732.7011455,-119928.12374,11.4998870011,-150.259780222,-451.171041625
9,1.5,9.0,1.50049650669,0.0,0.0004965066900000092,9.588,D:\zju_soft_study\blade_fracture\后处理\outputs\linearization\9mps_1.5rpm.lin,25005.1277594,29198.4412234,-114195.860049,-973.420399033,240.94742654,-820.584391037
9,2.0,9.0,1.9994045496,0.0,-0.000595450400000086,9.192,D:\zju_soft_study\blade_fracture\后处理\outputs\linearization\9mps_2rpm.lin,130864.85294,21492.6753977,-73762.0493972,-1787.20889076,193.315507284,-265.741350415
9,2.5,9.0,2.49941682816,0.0,-0.0005831718399997854,8.875,D:\zju_soft_study\blade_fracture\后处理\outputs\linearization\9mps_2.5rpm.lin,92098.8572793,14690.4291485,-57005.7196293,172.732968412,131.258796266,-202.71039766
9,3.0,9.0,2.99980640411,0.0,-0.00019359588999989796,8.428,D:\zju_soft_study\blade_fracture\后处理\outputs\linearization\9mps_3rpm.lin,1417.75705833,11681.5402935,-35371.1913838,62.6170756548,99.9028250975,-35.9357562425
9,3.5,9.0,3.49925160408,0.0,-0.0007483959200000889,8.05,D:\zju_soft_study\blade_fracture\后处理\outputs\linearization\9mps_3.5rpm.lin,1356.2733328,12210.0909238,-21580.8134522,85.7846508942,202.26113228,166.4599063
9,4.0,9.0,4.00036621094,0.0,0.00036621094000022225,7.735,D:\zju_soft_study\blade_fracture\后处理\outputs\linearization\9mps_4rpm.lin,1290.10514643,13264.8285971,-15462.6984961,97.1398329016,252.418656512,230.525987885
9,4.5,9.0,4.50010204315,0.0,0.00010204315000006403,7.317,D:\zju_soft_study\blade_fracture\后处理\outputs\linearization\9mps_4.5rpm.lin,1376.11701681,16205.0584329,-10127.0290289,119.96744258,407.328473765,294.36825783
9,5.0,9.0,5.00049638748,0.0,0.0004963874800001378,7.025,D:\zju_soft_study\blade_fracture\后处理\outputs\linearization\9mps_5rpm.lin,1447.22685501,18848.4458698,598.024698668,139.606864622,560.420864618,493.392757565
9,5.5,9.0,5.5005030632,0.0,0.0005030632000000423,6.782,D:\zju_soft_study\blade_fracture\后处理\outputs\linearization\9mps_5.5rpm.lin,1406.89236746,20232.6334047,9819.06421405,153.011822622,679.653522966,655.432384
9,6.0,9.0,6.00063800812,0.0,0.0006380081200001442,6.503,D:\zju_soft_study\blade_fracture\后处理\outputs\linearization\9mps_6rpm.lin,1369.62889721,22034.600152,20053.5228296,160.613382109,865.121827701,828.99830983
9,6.5,9.0,6.49932813644,0.0,-0.0006718635600000411,6.17,D:\zju_soft_study\blade_fracture\后处理\outputs\linearization\9mps_6.5rpm.lin,1289.59231436,22044.0609759,33632.6225742,165.635061991,1022.05405517,1091.08173877
9,7.0,9.0,6.99977445602,0.0,-0.0002255439800000758,5.894,D:\zju_soft_study\blade_fracture\后处理\outputs\linearization\9mps_7rpm.lin,1123.31915839,21205.5021919,47018.3490629,179.657441478,1219.81942819,1642.77742823
9,7.5,9.0,7.50062227249,0.0,0.0006222724900002419,5.667,D:\zju_soft_study\blade_fracture\后处理\outputs\linearization\9mps_7.5rpm.lin,974.401894645,19828.8240179,56966.3287809,188.663540615,1315.58593891,1963.3876007
9,8.0,9.0,8.00043201447,0.0,0.000432014470000297,5.38,D:\zju_soft_study\blade_fracture\后处理\outputs\linearization\9mps_8rpm.lin,781.539902933,15519.6164739,58821.2796426,185.905485686,841.94745572,926.580184313
9,8.5,9.0,8.49958229065,0.0,-0.00041770934999973974,4.924,D:\zju_soft_study\blade_fracture\后处理\outputs\linearization\9mps_8.5rpm.lin,625.436054917,16471.019412,75644.7529021,192.666511921,823.208134682,2028.40488175
9,9.0,9.0,9.000248909,0.0,0.0002489089999997418,4.536,D:\zju_soft_study\blade_fracture\后处理\outputs\linearization\9mps_9rpm.lin,513.233771873,15770.2626547,65976.0901093,206.268474572,695.417468293,-108.324833142
9,9.5,9.0,9.50005435944,0.0,5.4359439999984716e-05,3.521,D:\zju_soft_study\blade_fracture\后处理\outputs\linearization\9mps_9.5rpm.lin,618.47657125,39544.9025227,48114.1308461,215.375899015,5784.80205064,-6233.37795007
9,10.0,9.0,9.999584198,0.0,-0.0004158019999991325,2.993,D:\zju_soft_study\blade_fracture\后处理\outputs\linearization\9mps_10rpm.lin,783.284737423,71585.8672063,118437.538226,150.525670372,5397.63701284,11142.2386222
9,10.5,9.0,10.4992799759,0.0,-0.0007200240999996055,2.543,D:\zju_soft_study\blade_fracture\后处理\outputs\linearization\9mps_10.5rpm.lin,1550.55566945,21623.6624732,126745.426255,315.63459877,4837.90921769,28556.5746079
9,11.0,9.0,11.0000276566,0.0,2.7656600000369735e-05,2.178,D:\zju_soft_study\blade_fracture\后处理\outputs\linearization\9mps_11rpm.lin,790.703908134,-38692.937375,299617.536005,266.952503463,2463.87352106,40298.6284219
9,11.5,9.0,11.5004081726,0.0,0.0004081726000002561,1.879,D:\zju_soft_study\blade_fracture\后处理\outputs\linearization\9mps_11.5rpm.lin,1482.58094006,284.509617384,297884.338675,284.771196357,4167.32678261,41723.8609373
9,12.0,9.0,11.9993448257,0.0,-0.000655174300000283,1.446,D:\zju_soft_study\blade_fracture\后处理\outputs\linearization\9mps_12rpm.lin,1192.9124858,26375.4078267,400553.899329,253.758947907,5656.27304768,48809.289796
10,1.0,10.0,1.00013697147,0.0,0.0001369714699999136,9.933,D:\zju_soft_study\blade_fracture\后处理\outputs\linearization\10mps_1rpm.lin,1371.73790377,18819.3031035,-69546.3333702,15.0011633284,-105.649906527,69.6333960977
10,1.5,10.0,1.5002399683,0.0,0.00023996830000005964,9.511,D:\zju_soft_study\blade_fracture\后处理\outputs\linearization\10mps_1.5rpm.lin,14453.0540902,30436.2136618,-120775.026981,-300.375649342,211.427607127,-901.408369071
10,2.0,10.0,1.99964642525,0.0,-0.0003535747500000852,9.167,D:\zju_soft_study\blade_fracture\后处理\outputs\linearization\10mps_2rpm.lin,109384.100129,30018.7149686,-87160.3093377,-2247.78319647,312.95306025,-542.92507086
10,2.5,10.0,2.50063228607,0.0,0.0006322860700000987,8.85,D:\zju_soft_study\blade_fracture\后处理\outputs\linearization\10mps_2.5rpm.lin,163266.316268,20290.582317,-63755.8786532,-199.922255067,274.334118004,-314.021717356
10,3.0,10.0,2.99989891052,0.0,-0.0001010894800002049,8.369,D:\zju_soft_study\blade_fracture\后处理\outputs\linearization\10mps_3rpm.lin,13884.4779244,14529.3669976,-41908.2817276,167.712926191,216.964688978,-142.582002094
10,3.5,10.0,3.4993929863,0.0,-0.0006070136999998255,8.033,D:\zju_soft_study\blade_fracture\后处理\outputs\linearization\10mps_3.5rpm.lin,1522.30291877,15047.6051901,-28461.6784731,82.6759938856,278.207681795,-4.33635050026
10,4.0,10.0,4.0001502037,0.0,0.00015020369999962924,7.69,D:\zju_soft_study\blade_fracture\后处理\outputs\linearization\10mps_4rpm.lin,1490.31984974,16427.7968429,-18585.3184796,109.115129397,420.085312953,114.647511936
10,4.5,10.0,4.50041341782,0.0,0.0004134178199999283,7.268,D:\zju_soft_study\blade_fracture\后处理\outputs\linearization\10mps_4.5rpm.lin,1554.16847757,20153.4519706,-10048.2473321,126.770337545,590.43405364,276.799044191
10,5.0,10.0,5.00094413757,0.0,0.0009441375700003363,7.013,D:\zju_soft_study\blade_fracture\后处理\outputs\linearization\10mps_5rpm.lin,1541.33531948,22082.3775182,-3111.8770248,135.520099466,706.872723494,359.665303428
10,5.5,10.0,5.49972057343,0.0,-0.0002794265699996856,6.772,D:\zju_soft_study\blade_fracture\后处理\outputs\linearization\10mps_5.5rpm.lin,1578.73294174,24856.5174581,1776.16916491,150.728941167,874.332675686,265.272744796
10,6.0,10.0,5.99923801422,0.0,-0.000761985779999641,6.485,D:\zju_soft_study\blade_fracture\后处理\outputs\linearization\10mps_6rpm.lin,1409.0816514,26028.2506848,12977.4940597,155.034676381,1062.89639094,415.953930567
10,6.5,10.0,6.50003623962,0.0,3.623961999998926e-05,6.165,D:\zju_soft_study\blade_fracture\后处理\outputs\linearization\10mps_6.5rpm.lin,1175.59139843,25315.1051384,26886.0445365,159.109922902,1273.79428196,727.947354946
10,7.0,10.0,6.99947977066,0.0,-0.0005202293400001778,5.913,D:\zju_soft_study\blade_fracture\后处理\outputs\linearization\10mps_7rpm.lin,1098.99161945,24275.6017003,43201.0177529,165.80890189,1314.6238502,1350.81514551
10,7.5,10.0,7.49925613403,0.0,-0.0007438659699996464,5.704,D:\zju_soft_study\blade_fracture\后处理\outputs\linearization\10mps_7.5rpm.lin,1070.32157155,21429.6615816,50491.9056959,174.917492011,1201.56066047,1379.91065855
10,8.0,10.0,8.00064086914,0.0,0.0006408691399997224,5.429,D:\zju_soft_study\blade_fracture\后处理\outputs\linearization\10mps_8rpm.lin,859.318690467,15646.1044731,45020.1587524,178.298289938,783.088940346,-254.250021589
10,8.5,10.0,8.49984741211,0.0,-0.0001525878899997224,5.01,D:\zju_soft_study\blade_fracture\后处理\outputs\linearization\10mps_8.5rpm.lin,713.827767297,18252.0743492,67952.7945025,184.390630443,928.832755022,1081.90546159
10,9.0,10.0,9.00007247925,0.0,7.247925000086752e-05,4.662,D:\zju_soft_study\blade_fracture\后处理\outputs\linearization\10mps_9rpm.lin,598.771957287,20054.1490287,69822.0693091,197.260516054,1120.94671945,-193.820879134
10,9.5,10.0,9.50004291534,0.0,4.291533999989383e-05,4.27,D:\zju_soft_study\blade_fracture\后处理\outputs\linearization\10mps_9.5rpm.lin,695.913858276,30842.0185108,4734.06378227,238.406991046,3357.76677874,-7268.50677917
10,10.0,10.0,10.0002326965,0.0,0.00023269649999946296,3.234,D:\zju_soft_study\blade_fracture\后处理\outputs\linearization\10mps_10rpm.lin,1031.20720029,68457.5045892,55347.7230096,206.268015635,5260.76353736,-35.3622389182
10,10.5,10.0,10.5003175735,0.0,0.00031757350000027884,2.722,D:\zju_soft_study\blade_fracture\后处理\outputs\linearization\10mps_10.5rpm.lin,2154.28728078,33294.6609721,175464.743773,301.891641757,6231.58900303,30752.1667838
10,11.0,10.0,11.0004463196,0.0,0.00044631959999996695,2.382,D:\zju_soft_study\blade_fracture\后处理\outputs\linearization\10mps_11rpm.lin,1315.1797379,-42353.6016963,324397.960644,303.253632584,2913.49125443,40413.6676042
10,11.5,10.0,11.4992685318,0.0,-0.0007314681999996964,2.007,D:\zju_soft_study\blade_fracture\后处理\outputs\linearization\10mps_11.5rpm.lin,1609.91225017,6426.90290867,338927.81223,280.22264231,4761.63329519,43054.4211295
10,12.0,10.0,11.9996175766,0.0,-0.0003824233999996096,1.594,D:\zju_soft_study\blade_fracture\后处理\outputs\linearization\10mps_12rpm.lin,1343.96713468,29704.648546,418856.319898,244.298653045,6238.98427781,48042.4551688
11,1.0,11.0,1.00047767162,0.0,0.0004776716199998976,9.881,D:\zju_soft_study\blade_fracture\后处理\outputs\linearization\11mps_1rpm.lin,3782.88889117,36000.2819459,8769.83525172,10.3757090466,-178.04067245,715.071191606
11,1.5,11.0,1.49946701527,0.0,-0.0005329847299999635,9.443,D:\zju_soft_study\blade_fracture\后处理\outputs\linearization\11mps_1.5rpm.lin,3966.16564666,22660.7947185,-131216.287551,-49.8740170664,-17.1374897701,-992.401788439
11,2.0,11.0,2.00017571449,0.0,0.00017571449000008954,9.144,D:\zju_soft_study\blade_fracture\后处理\outputs\linearization\11mps_2rpm.lin,67255.0423945,34147.6790353,-110861.961878,-1949.95680545,362.772600755,-1000.65484262
11,2.5,11.0,2.49959397316,0.0,-0.00040602683999990674,8.822,D:\zju_soft_study\blade_fracture\后处理\outputs\linearization\11mps_2.5rpm.lin,142897.940792,29561.3715229,-90412.7400716,-2375.46927008,469.629695899,-876.138636236
11,3.0,11.0,3.0006415844,0.0,0.0006415843999998394,8.318,D:\zju_soft_study\blade_fracture\后处理\outputs\linearization\11mps_3rpm.lin,48246.0514008,18956.0676368,-51979.8054701,257.033448163,381.992084415,-309.167802441
11,3.5,11.0,3.49920082092,0.0,-0.0007991790799999343,8.016,D:\zju_soft_study\blade_fracture\后处理\outputs\linearization\11mps_3.5rpm.lin,1531.12603768,18349.3196141,-39252.9804458,80.6516094614,379.670071443,-223.3919919
11,4.0,11.0,4.00023460388,0.0,0.0002346038800000727,7.616,D:\zju_soft_study\blade_fracture\后处理\outputs\linearization\11mps_4rpm.lin,1664.67103317,21316.8555528,-27448.259373,93.2687263335,495.845460681,-211.362116319
11,4.5,11.0,4.49907970428,0.0,-0.000920295720000297,7.229,D:\zju_soft_study\blade_fracture\后处理\outputs\linearization\11mps_4.5rpm.lin,1479.36627157,23140.9038672,-14904.0646458,99.903371332,610.923919576,-43.6992224607
11,5.0,11.0,4.9989657402,0.0,-0.001034259799999937,6.997,D:\zju_soft_study\blade_fracture\后处理\outputs\linearization\11mps_5rpm.lin,1629.4809347,26695.4164921,-13625.6525655,122.144706854,820.062518774,-103.568835819
11,5.5,11.0,5.4996547699,0.0,-0.0003452300999997604,6.752,D:\zju_soft_study\blade_fracture\后处理\outputs\linearization\11mps_5.5rpm.lin,1437.42836653,28162.3741881,-19824.3397115,135.574153435,1012.60085885,-808.239780338
11,6.0,11.0,5.99990320206,0.0,-9.679794000039266e-05,6.451,D:\zju_soft_study\blade_fracture\后处理\outputs\linearization\11mps_6rpm.lin,1394.29297766,29721.4211693,1597.11985393,159.770296369,1330.54733944,-99.372367593
11,6.5,11.0,6.50003576279,0.0,3.576278999961602e-05,6.158,D:\zju_soft_study\blade_fracture\后处理\outputs\linearization\11mps_6.5rpm.lin,985.421664779,30035.3802222,18384.7832513,157.446812565,1593.28598933,403.196667159
11,7.0,11.0,7.00020980835,0.0,0.0002098083500001735,5.929,D:\zju_soft_study\blade_fracture\后处理\outputs\linearization\11mps_7rpm.lin,1088.04735374,26605.5494463,31176.0660276,162.497901489,1467.32560013,631.372632838
11,7.5,11.0,7.49909543991,0.0,-0.0009045600900003947,5.734,D:\zju_soft_study\blade_fracture\后处理\outputs\linearization\11mps_7.5rpm.lin,899.56583187,21900.2109868,30381.0870868,151.690648251,1080.17939254,-365.036782757
11,8.0,11.0,8.00017356873,0.0,0.00017356873000018425,5.47,D:\zju_soft_study\blade_fracture\后处理\outputs\linearization\11mps_8rpm.lin,874.344686837,17714.4761342,34370.3057354,163.533322887,797.755140409,-927.699242507
11,8.5,11.0,8.49934959412,0.0,-0.0006504058800000934,5.081,D:\zju_soft_study\blade_fracture\后处理\outputs\linearization\11mps_8.5rpm.lin,625.415254219,19184.4869216,58269.8077648,174.593993405,1095.89538715,93.1056417088
11,9.0,11.0,9.00028419495,0.0,0.00028419494999987194,4.768,D:\zju_soft_study\blade_fracture\后处理\outputs\linearization\11mps_9rpm.lin,500.436350333,23860.3231349,59924.2233982,183.372544722,1577.1714604,-916.284848932
11,9.5,11.0,9.49976921082,0.0,-0.00023078917999974635,4.458,D:\zju_soft_study\blade_fracture\后处理\outputs\linearization\11mps_9.5rpm.lin,648.836759002,31561.4560538,15562.9661102,211.595154705,2917.6995043,-6232.25889188
11,10.0,11.0,10.0002861023,0.0,0.0002861023000004792,3.549,D:\zju_soft_study\blade_fracture\后处理\outputs\linearization\11mps_10rpm.lin,2550.54033229,65422.4201739,14051.7899256,372.753913227,8164.79796978,-7106.01952945
11,10.5,11.0,10.4996156693,0.0,-0.00038433069999932457,3.042,D:\zju_soft_study\blade_fracture\后处理\outputs\linearization\11mps_10.5rpm.lin,3941.41220629,122754.547459,135719.377722,386.960435205,9444.55562736,21086.1897306
11,11.0,11.0,10.9992713928,0.0,-0.0007286071999992316,2.571,D:\zju_soft_study\blade_fracture\后处理\outputs\linearization\11mps_11rpm.lin,1316.79956997,-37572.1296628,352211.480612,286.383066402,3484.28364925,40214.6990574
11,11.5,11.0,11.4999485016,0.0,-5.1498399999516664e-05,2.173,D:\zju_soft_study\blade_fracture\后处理\outputs\linearization\11mps_11.5rpm.lin,1865.16783624,8098.28447365,392515.480513,288.002581981,4944.47573469,44879.15742
11,12.0,11.0,11.9996623993,0.0,-0.00033760069999999587,1.851,D:\zju_soft_study\blade_fracture\后处理\outputs\linearization\11mps_12rpm.lin,1632.54631851,26139.8501486,421376.43895,256.44112221,6192.08479988,46567.3686109
12,1.0,12.0,1.00032818317,0.0,0.00032818316999994046,9.877,D:\zju_soft_study\blade_fracture\后处理\outputs\linearization\12mps_1rpm.lin,1002.86275253,7195.47754088,-162827.443404,-20.6024557582,-538.857344039,-311.042224915
12,1.5,12.0,1.5001847744,0.0,0.00018477440000008727,9.55,D:\zju_soft_study\blade_fracture\后处理\outputs\linearization\12mps_1.5rpm.lin,5250.07157762,42113.9933098,-177518.43937,65.0113925854,101.674033596,-928.528044981
12,2.0,12.0,1.99974656105,0.0,-0.0002534389499999623,9.129,D:\zju_soft_study\blade_fracture\后处理\outputs\linearization\12mps_2rpm.lin,46837.3785003,42878.6521868,-114543.215712,-1206.03913208,306.017071727,-548.590302965
12,2.5,12.0,2.49950027466,0.0,-0.0004997253400000901,8.793,D:\zju_soft_study\blade_fracture\后处理\outputs\linearization\12mps_2.5rpm.lin,233094.993116,31756.4636822,-84985.7554559,-1701.95105824,221.691493426,-184.434778535
12,3.0,12.0,2.99979424477,0.0,-0.0002057552300001042,8.399,D:\zju_soft_study\blade_fracture\后处理\outputs\linearization\12mps_3rpm.lin,183143.157905,24262.9008271,-76214.1297111,418.128666687,182.049389091,-211.026398861
12,3.5,12.0,3.5001308918,0.0,0.00013089180000003253,7.977,D:\zju_soft_study\blade_fracture\后处理\outputs\linearization\12mps_3.5rpm.lin,22753.6179926,21071.4627813,-60038.8149573,278.947388893,194.304286189,-141.02930885
12,4.0,12.0,3.99967741966,0.0,-0.0003225803400002114,7.665,D:\zju_soft_study\blade_fracture\后处理\outputs\linearization\12mps_4rpm.lin,1915.72969321,23377.3743263,-51874.1663767,102.501363757,354.80767582,-149.282363028
12,4.5,12.0,4.50009346008,0.0,9.346008000044037e-05,7.284,D:\zju_soft_study\blade_fracture\后处理\outputs\linearization\12mps_4.5rpm.lin,1990.26801171,26468.5918503,-41969.1584933,122.351345679,552.449704214,-163.494402087
12,5.0,12.0,5.00026273727,0.0,0.0002627372699999242,6.919,D:\zju_soft_study\blade_fracture\后处理\outputs\linearization\12mps_5rpm.lin,1688.45320347,29341.1918107,-32970.1401236,128.949487785,815.430075686,-167.858729042
12,5.5,12.0,5.49941635132,0.0,-0.0005836486800001595,6.647,D:\zju_soft_study\blade_fracture\后处理\outputs\linearization\12mps_5.5rpm.lin,1934.96837666,30858.4356905,-22767.910384,158.626313822,1068.32659869,-21.4299644077
12,6.0,12.0,6.00052118301,0.0,0.000521183010000037,6.343,D:\zju_soft_study\blade_fracture\后处理\outputs\linearization\12mps_6rpm.lin,1463.89391361,31276.8409707,-15183.381571,157.282678259,1325.88174158,-31.4455352406
12,6.5,12.0,6.5001745224,0.0,0.00017452240000004338,5.956,D:\zju_soft_study\blade_fracture\后处理\outputs\linearization\12mps_6.5rpm.lin,1204.75237324,29343.3191048,1575.63393661,139.586329412,1331.9241831,148.834739751
12,7.0,12.0,7.00073671341,0.0,0.0007367134100002559,5.654,D:\zju_soft_study\blade_fracture\后处理\outputs\linearization\12mps_7rpm.lin,1150.57675664,27858.0274249,15419.7266615,145.509034589,1387.37157942,353.622389182
12,7.5,12.0,7.49995183945,0.0,-4.8160549999565205e-05,5.344,D:\zju_soft_study\blade_fracture\后处理\outputs\linearization\12mps_7.5rpm.lin,904.316201767,21124.4041064,8114.51477354,153.981195622,998.260368074,-1377.8963538
12,8.0,12.0,7.99980163574,0.0,-0.00019836426000008345,4.793,D:\zju_soft_study\blade_fracture\后处理\outputs\linearization\12mps_8rpm.lin,396.498635789,21091.3767897,29070.4461305,142.999404813,1177.15496566,-940.232694275
12,8.5,12.0,8.49954414368,0.0,-0.00045585632000033627,4.349,D:\zju_soft_study\blade_fracture\后处理\outputs\linearization\12mps_8.5rpm.lin,452.688397111,37642.5371413,1833.46494442,168.389847683,3307.33311536,-4739.88288488
12,9.0,12.0,8.9994096756,0.0,-0.0005903243999991759,3.322,D:\zju_soft_study\blade_fracture\后处理\outputs\linearization\12mps_9rpm.lin,4820.96967502,91585.5039934,11502.1277373,506.265682026,8910.74028216,-4402.59874532
12,9.5,12.0,9.49970340729,0.0,-0.0002965927100007093,2.921,D:\zju_soft_study\blade_fracture\后处理\outputs\linearization\12mps_9.5rpm.lin,4240.81634446,127513.560155,138963.751237,303.652784901,6790.92501678,12013.3135201
12,10.0,12.0,10.0005979538,0.0,0.0005979537999998286,2.581,D:\zju_soft_study\blade_fracture\后处理\outputs\linearization\12mps_10rpm.lin,3043.81159287,47675.2454742,217405.254376,319.158364489,7419.83915861,30417.1207606
12,10.5,12.0,10.5003795624,0.0,0.00037956239999914487,2.269,D:\zju_soft_study\blade_fracture\后处理\outputs\linearization\12mps_10.5rpm.lin,1990.64807748,-19966.948083,372282.908372,288.821636896,4481.84440726,39070.7977719
12,11.0,12.0,11.0003576279,0.0,0.0003576278999997129,1.99,D:\zju_soft_study\blade_fracture\后处理\outputs\linearization\12mps_11rpm.lin,2275.62042281,3187.67360777,406198.428858,276.315788544,5251.39077944,42771.5232182
12,11.5,12.0,11.4996013641,0.0,-0.00039863589999988847,1.642,D:\zju_soft_study\blade_fracture\后处理\outputs\linearization\12mps_11.5rpm.lin,1949.34464484,17988.9391562,428291.32334,245.612592737,5482.41515378,44111.3715934
12,12.0,12.0,11.9998989105,0.0,-0.00010108949999931838,1.294,D:\zju_soft_study\blade_fracture\后处理\outputs\linearization\12mps_12rpm.lin,1844.77075473,33967.4316749,548581.798123,223.51240421,6551.61520225,50914.1788082
13,1.0,13.0,0.99956870079,0.0,-0.00043129920999995797,9.981,D:\zju_soft_study\blade_fracture\后处理\outputs\linearization\13mps_1rpm.lin,5376.90240177,47727.1749696,-190726.90704,34.7002628519,-338.19931545,-185.279317766
13,1.5,13.0,1.50060653687,0.0,0.0006065368699998963,9.574,D:\zju_soft_study\blade_fracture\后处理\outputs\linearization\13mps_1.5rpm.lin,4832.96667783,48515.6113828,-153563.432054,57.066378415,-152.181385349,-215.535853676
13,2.0,13.0,1.99962997437,0.0,-0.0003700256300001037,9.226,D:\zju_soft_study\blade_fracture\后处理\outputs\linearization\13mps_2rpm.lin,32670.0466705,41185.1480416,-140460.603476,-512.110168261,-135.05990333,-251.356207042
13,2.5,13.0,2.50025177002,0.0,0.0002517700200002082,8.791,D:\zju_soft_study\blade_fracture\后处理\outputs\linearization\13mps_2.5rpm.lin,184828.535325,36450.9003325,-118074.068125,-2403.58387801,-57.8528842883,-77.6136798409
13,3.0,13.0,2.99951696396,0.0,-0.00048303603999988454,8.452,D:\zju_soft_study\blade_fracture\后处理\outputs\linearization\13mps_3rpm.lin,281796.596754,29814.5699927,-104980.192013,-1018.20820105,-27.3831047848,-109.849549931
13,3.5,13.0,3.50005459785,0.0,5.459785000017092e-05,8.01,D:\zju_soft_study\blade_fracture\后处理\outputs\linearization\13mps_3.5rpm.lin,166365.204734,26477.7230409,-86054.6798424,940.560489131,119.834009861,-168.963799008
13,4.0,13.0,3.99937438965,0.0,-0.0006256103500001942,7.617,D:\zju_soft_study\blade_fracture\后处理\outputs\linearization\13mps_4rpm.lin,5398.05869499,27621.3195297,-68640.3438567,135.02584015,315.806155938,-131.461361295
13,4.5,13.0,4.5001745224,0.0,0.00017452240000004338,7.266,D:\zju_soft_study\blade_fracture\后处理\outputs\linearization\13mps_4.5rpm.lin,2189.88320738,29875.8407102,-58115.8253574,115.686865255,473.256678963,-115.207041033
13,5.0,13.0,4.99950218201,0.0,-0.000497817990000371,6.831,D:\zju_soft_study\blade_fracture\后处理\outputs\linearization\13mps_5rpm.lin,1868.3334485,32019.9295969,-49188.426712,125.122908584,746.454724982,-193.485161676
13,5.5,13.0,5.50067090988,0.0,0.0006709098800001811,6.486,D:\zju_soft_study\blade_fracture\后处理\outputs\linearization\13mps_5.5rpm.lin,1953.9218819,33833.0557715,-39655.8413955,151.227413936,1097.80130083,-194.212549502
13,6.0,13.0,6.00064611435,0.0,0.0006461143500002819,6.136,D:\zju_soft_study\blade_fracture\后处理\outputs\linearization\13mps_6rpm.lin,1454.37372744,34741.5279132,-28612.0798943,130.682112766,1274.5653023,-232.540292633
13,6.5,13.0,6.49941825867,0.0,-0.0005817413300004404,5.691,D:\zju_soft_study\blade_fracture\后处理\outputs\linearization\13mps_6.5rpm.lin,1486.21606049,31117.8568581,-8257.75422232,154.504518345,1383.7998672,-15.3310972525
13,7.0,13.0,7.00000905991,0.0,9.059909999997728e-06,5.313,D:\zju_soft_study\blade_fracture\后处理\outputs\linearization\13mps_7rpm.lin,1581.34053595,31124.8724261,6281.04982912,162.840428967,1461.7333467,-216.425854645
13,7.5,13.0,7.49965524673,0.0,-0.00034475327000027534,4.82,D:\zju_soft_study\blade_fracture\后处理\outputs\linearization\13mps_7.5rpm.lin,1342.77185006,33757.1164405,-10377.6980643,191.845573832,2134.0900107,-2251.43317973
13,8.0,13.0,8.00032901764,0.0,0.00032901764000037304,4.076,D:\zju_soft_study\blade_fracture\后处理\outputs\linearization\13mps_8rpm.lin,1914.8631438,62829.3567756,4748.38772715,260.000387402,5221.73936813,-4120.37226889
13,8.5,13.0,8.49997520447,0.0,-2.479553000078738e-05,3.223,D:\zju_soft_study\blade_fracture\后处理\outputs\linearization\13mps_8.5rpm.lin,5965.08722648,102048.396793,5758.22584106,489.534885094,8875.36913671,-4568.44316961
13,9.0,13.0,8.99935245514,0.0,-0.000647544859999627,2.829,D:\zju_soft_study\blade_fracture\后处理\outputs\linearization\13mps_9rpm.lin,4802.0697625,116998.05933,110960.439,320.196868343,5002.20521146,7128.8483166
13,9.5,13.0,9.50087928772,0.0,0.0008792877200001215,2.553,D:\zju_soft_study\blade_fracture\后处理\outputs\linearization\13mps_9.5rpm.lin,4355.27667645,117165.429479,232119.526752,331.064650623,7717.63024225,19679.085958
13,10.0,13.0,9.9994430542,0.0,-0.000556945799999653,2.269,D:\zju_soft_study\blade_fracture\后处理\outputs\linearization\13mps_10rpm.lin,2782.99201683,16796.2124429,338951.088641,316.671121934,7300.95400919,34555.174149
13,10.5,13.0,10.4998025894,0.0,-0.00019741060000022514,2.023,D:\zju_soft_study\blade_fracture\后处理\outputs\linearization\13mps_10.5rpm.lin,1946.67823168,-6600.63291022,399609.414214,264.343064282,5605.36067978,39131.0031027
13,11.0,13.0,10.9996204376,0.0,-0.00037956239999914487,1.764,D:\zju_soft_study\blade_fracture\后处理\outputs\linearization\13mps_11rpm.lin,2479.28500357,7025.81667563,430438.124578,263.652279395,5576.38295268,42378.0623573
13,11.5,13.0,11.5005626678,0.0,0.0005626678000005825,1.461,D:\zju_soft_study\blade_fracture\后处理\outputs\linearization\13mps_11.5rpm.lin,2116.16496947,16816.3278913,465146.833511,228.04989277,5648.47076864,45045.3375618
13,12.0,13.0,11.9994783401,0.0,-0.0005216599000004152,0.999,D:\zju_soft_study\blade_fracture\后处理\outputs\linearization\13mps_12rpm.lin,1749.67073131,37402.2208996,605310.774661,189.960566002,6747.21435064,50996.8807058
14,1.0,14.0,1.0001128912,0.0,0.00011289119999990938,9.898,D:\zju_soft_study\blade_fracture\后处理\outputs\linearization\14mps_1rpm.lin,5384.82245378,51881.2648913,-214912.887967,31.6810687906,-454.711482412,-192.152783014
14,1.5,14.0,1.50034141541,0.0,0.000341415410000101,9.517,D:\zju_soft_study\blade_fracture\后处理\outputs\linearization\14mps_1.5rpm.lin,5072.44478151,53775.8869798,-175584.706811,54.0042243552,-249.689238166,-252.361610888
14,2.0,14.0,2.00038576126,0.0,0.000385761260000006,9.171,D:\zju_soft_study\blade_fracture\后处理\outputs\linearization\14mps_2rpm.lin,8995.83614081,45990.488315,-160086.198453,-41.7832251409,-227.571940326,-303.809437075
14,2.5,14.0,2.50043845177,0.0,0.00043845177000001456,8.741,D:\zju_soft_study\blade_fracture\后处理\outputs\linearization\14mps_2.5rpm.lin,152167.470442,43857.200419,-121805.455765,-1669.28894133,-63.6262716208,-47.8677142319
14,3.0,14.0,3.00036239624,0.0,0.0003623962399998959,8.402,D:\zju_soft_study\blade_fracture\后处理\outputs\linearization\14mps_3rpm.lin,281092.352556,37012.8241946,-117603.168437,-2160.22842618,8.59762092976,-168.725999142
14,3.5,14.0,3.49994301796,0.0,-5.698203999981999e-05,7.95,D:\zju_soft_study\blade_fracture\后处理\outputs\linearization\14mps_3.5rpm.lin,248889.977767,32705.9700715,-99350.8816757,601.666465334,203.99507644,-257.495290351
14,4.0,14.0,4.00035953522,0.0,0.0003595352200003177,7.565,D:\zju_soft_study\blade_fracture\后处理\outputs\linearization\14mps_4rpm.lin,59625.3076619,32949.0493979,-81388.6547983,530.277278822,383.436329137,-278.813348939
14,4.5,14.0,4.49963140488,0.0,-0.0003685951200003146,7.194,D:\zju_soft_study\blade_fracture\后处理\outputs\linearization\14mps_4.5rpm.lin,2351.73146422,35444.4067691,-71795.1927161,118.793479754,608.454309111,-352.895001356
14,5.0,14.0,4.99974918365,0.0,-0.0002508163500003491,6.768,D:\zju_soft_study\blade_fracture\后处理\outputs\linearization\14mps_5rpm.lin,2337.8146834,37317.3569775,-60955.5474295,143.003763694,982.327984455,-376.73094088
14,5.5,14.0,5.49937391281,0.0,-0.00062608718999968,6.418,D:\zju_soft_study\blade_fracture\后处理\outputs\linearization\14mps_5.5rpm.lin,1678.96980384,41340.6660678,-53270.7510023,140.631249421,1370.56967076,-475.767591015
14,6.0,14.0,5.99955463409,0.0,-0.00044536591000010617,6.072,D:\zju_soft_study\blade_fracture\后处理\outputs\linearization\14mps_6rpm.lin,1781.39630785,41555.0371251,-38273.5807147,143.340765792,1510.58033275,-460.044823395
14,6.5,14.0,6.49944257736,0.0,-0.0005574226400000271,5.606,D:\zju_soft_study\blade_fracture\后处理\outputs\linearization\14mps_6.5rpm.lin,1588.80291591,41336.8831588,-20368.6496169,150.401157743,1858.53750468,-472.578275164
14,7.0,14.0,7.00020313263,0.0,0.00020313263000026893,5.25,D:\zju_soft_study\blade_fracture\后处理\outputs\linearization\14mps_7rpm.lin,2617.64956811,43104.3279172,-7942.627435,202.334822241,1959.15325782,-874.208260852
14,7.5,14.0,7.50014209747,0.0,0.00014209747000037964,4.696,D:\zju_soft_study\blade_fracture\后处理\outputs\linearization\14mps_7.5rpm.lin,2066.38099335,58615.9141516,-26778.6149499,233.829113412,3826.17136072,-3116.4651634
14,8.0,14.0,7.9999370575,0.0,-6.294249999960755e-05,3.966,D:\zju_soft_study\blade_fracture\后处理\outputs\linearization\14mps_8rpm.lin,4598.34301668,101499.503771,-5786.87373082,389.282470908,7736.7763715,-4740.33050815
14,8.5,14.0,8.50048828125,0.0,0.00048828125,3.18,D:\zju_soft_study\blade_fracture\后处理\outputs\linearization\14mps_8.5rpm.lin,4852.79738832,100997.359221,28898.5587919,354.934905055,7322.25401071,-2482.29488508
14,9.0,14.0,9.00073051453,0.0,0.0007305145299998372,2.807,D:\zju_soft_study\blade_fracture\后处理\outputs\linearization\14mps_9rpm.lin,5184.69765667,120892.041591,126193.954378,281.521044758,5010.65786534,8464.77998814
14,9.5,14.0,9.50058269501,0.0,0.0005826950099994122,2.544,D:\zju_soft_study\blade_fracture\后处理\outputs\linearization\14mps_9.5rpm.lin,5274.30220112,101427.241153,263209.649111,369.206364282,8014.67860315,22151.7569426
14,10.0,14.0,10.0007724762,0.0,0.0007724761999998719,2.264,D:\zju_soft_study\blade_fracture\后处理\outputs\linearization\14mps_10rpm.lin,2890.06530488,12242.0986133,372737.693622,306.752100048,7260.53329036,34079.7982283
14,10.5,14.0,10.4997119904,0.0,-0.00028800960000019415,2.027,D:\zju_soft_study\blade_fracture\后处理\outputs\linearization\14mps_10.5rpm.lin,2312.57357592,-9742.23480714,434638.621414,252.633492788,5651.86065327,39843.6193604
14,11.0,14.0,11.0005397797,0.0,0.000539779700000409,1.778,D:\zju_soft_study\blade_fracture\后处理\outputs\linearization\14mps_11rpm.lin,2641.37916317,9100.81701374,462140.59558,249.948139053,5854.93459949,42508.5445427
14,11.5,14.0,11.5002708435,0.0,0.0002708434999991738,1.477,D:\zju_soft_study\blade_fracture\后处理\outputs\linearization\14mps_11.5rpm.lin,2437.58541869,18980.5096288,506143.754246,230.669932141,6047.14254048,45630.0454679
14,12.0,14.0,12.0002584457,0.0,0.00025844570000010947,1.034,D:\zju_soft_study\blade_fracture\后处理\outputs\linearization\14mps_12rpm.lin,1890.98566072,35992.7261335,630679.712004,180.406053452,6993.93579557,51209.403845
15,1.0,15.0,0.999942660332,0.0,-5.733966800003376e-05,9.98,D:\zju_soft_study\blade_fracture\后处理\outputs\linearization\15mps_1rpm.lin,5245.93520075,55027.8250897,-237453.405726,13.4208554826,-886.332153213,187.218435792
15,1.5,15.0,1.50049984455,0.0,0.0004998445499999615,9.556,D:\zju_soft_study\blade_fracture\后处理\outputs\linearization\15mps_1.5rpm.lin,4698.47188935,53912.1191642,-188218.426194,29.2224745977,-721.506418941,112.472342572
15,2.0,15.0,2.00036072731,0.0,0.00036072730999991975,9.2,D:\zju_soft_study\blade_fracture\后处理\outputs\linearization\15mps_2rpm.lin,4282.51617356,50721.441499,-174716.317653,46.7365409822,-532.075525064,-36.6089396871
15,2.5,15.0,2.49972939491,0.0,-0.00027060508999987576,8.771,D:\zju_soft_study\blade_fracture\后处理\outputs\linearization\15mps_2.5rpm.lin,69150.2692535,50611.1402784,-150064.808517,-1206.66610048,-221.952168136,-37.1142644026
15,3.0,15.0,3.00033831596,0.0,0.0003383159600001129,8.392,D:\zju_soft_study\blade_fracture\后处理\outputs\linearization\15mps_3rpm.lin,266719.532472,43126.0881364,-131654.958362,-2836.56808929,-85.8115678547,13.9672450791
15,3.5,15.0,3.5005171299,0.0,0.0005171298999999685,7.955,D:\zju_soft_study\blade_fracture\后处理\outputs\linearization\15mps_3.5rpm.lin,332808.279417,39173.339145,-118487.672033,-499.186578255,149.612065521,-135.056335742
15,4.0,15.0,3.99998211861,0.0,-1.7881389999807595e-05,7.522,D:\zju_soft_study\blade_fracture\后处理\outputs\linearization\15mps_4rpm.lin,167510.299718,38697.8919769,-101112.726896,955.020748853,366.76868061,-313.448200032
15,4.5,15.0,4.50056409836,0.0,0.0005640983599999316,7.116,D:\zju_soft_study\blade_fracture\后处理\outputs\linearization\15mps_4.5rpm.lin,20726.1580606,41262.6268692,-87780.7152003,266.250657485,655.685443545,-413.855696454
15,5.0,15.0,4.9996509552,0.0,-0.00034904480000008675,6.66,D:\zju_soft_study\blade_fracture\后处理\outputs\linearization\15mps_5rpm.lin,2174.74853797,44283.3448476,-77334.9783978,134.054530352,1127.85006245,-558.465991524
15,5.5,15.0,5.49983406067,0.0,-0.00016593933000041972,6.263,D:\zju_soft_study\blade_fracture\后处理\outputs\linearization\15mps_5.5rpm.lin,2575.47683715,50683.1669163,-65037.8717198,152.536312251,1524.73367191,-694.655373686
15,6.0,15.0,5.99980831146,0.0,-0.00019168854000017888,5.873,D:\zju_soft_study\blade_fracture\后处理\outputs\linearization\15mps_6rpm.lin,1648.78396458,45145.7727628,-51766.7367901,140.493407538,1656.66651153,-806.505240138
15,6.5,15.0,6.49965858459,0.0,-0.00034141541000032305,5.354,D:\zju_soft_study\blade_fracture\后处理\outputs\linearization\15mps_6.5rpm.lin,3388.99223577,65467.9219733,-23734.7766633,210.122699146,2728.15075183,-633.275031767
15,7.0,15.0,7.00028944016,0.0,0.0002894401600004315,4.908,D:\zju_soft_study\blade_fracture\后处理\outputs\linearization\15mps_7rpm.lin,4205.96230127,78717.0896569,-50857.1662903,298.653591198,4266.82122387,-3003.55219166
15,7.5,15.0,7.50019693375,0.0,0.00019693374999985025,4.111,D:\zju_soft_study\blade_fracture\后处理\outputs\linearization\15mps_7.5rpm.lin,5808.70413173,127238.073999,1468.20435002,403.574527119,8224.90804244,-3155.74410599
15,8.0,15.0,8.00041770935,0.0,0.00041770934999973974,3.334,D:\zju_soft_study\blade_fracture\后处理\outputs\linearization\15mps_8rpm.lin,7718.77132822,139241.455962,4497.71869178,469.507303706,9845.86354591,-3839.93628557
15,8.5,15.0,8.49933338165,0.0,-0.0006666183499994816,2.889,D:\zju_soft_study\blade_fracture\后处理\outputs\linearization\15mps_8.5rpm.lin,4920.37453796,90813.7660781,77227.5488112,252.711953588,3601.60557717,3101.35787778
15,9.0,15.0,8.99972820282,0.0,-0.0002717971799999219,2.631,D:\zju_soft_study\blade_fracture\后处理\outputs\linearization\15mps_9rpm.lin,6167.55892683,121870.442848,176628.564294,351.338035345,5562.85447009,12404.0886413
15,9.5,15.0,9.50028133392,0.0,0.0002813339200002929,2.373,D:\zju_soft_study\blade_fracture\后处理\outputs\linearization\15mps_9.5rpm.lin,4219.50914931,70037.1646083,333217.929703,341.982028378,8139.37975882,24930.1546257
15,10.0,15.0,9.99902248383,0.0,-0.0009775161699998591,2.124,D:\zju_soft_study\blade_fracture\后处理\outputs\linearization\15mps_10rpm.lin,2749.64369402,16388.2437742,402223.534154,275.5915095,7162.85703996,33056.9790394
15,10.5,15.0,10.4999523163,0.0,-4.768370000007849e-05,1.918,D:\zju_soft_study\blade_fracture\后处理\outputs\linearization\15mps_10.5rpm.lin,2529.22552785,-9070.90099848,454477.28507,228.846797733,6259.09589094,39402.2628088
15,11.0,15.0,10.9991502762,0.0,-0.0008497238000000351,1.625,D:\zju_soft_study\blade_fracture\后处理\outputs\linearization\15mps_11rpm.lin,2545.23612406,11216.4942202,487415.196318,211.81635461,5904.50002165,42540.3257954
15,11.5,15.0,11.5009870529,0.0,0.000987052899999341,1.403,D:\zju_soft_study\blade_fracture\后处理\outputs\linearization\15mps_11.5rpm.lin,2633.81738136,22504.5056582,521606.452742,211.286333466,6470.47947517,45179.5126392
15,12.0,15.0,11.9994459152,0.0,-0.0005540847999991882,0.967,D:\zju_soft_study\blade_fracture\后处理\outputs\linearization\15mps_12rpm.lin,2023.94103269,38561.3743826,643347.450756,180.397159217,7448.11022621,49646.1285073
16,1.0,16.0,1.00037884712,0.0,0.0003788471199999144,10.062,D:\zju_soft_study\blade_fracture\后处理\outputs\linearization\16mps_1rpm.lin,5108.39377108,60790.4853136,-254160.496934,7.63610001931,-1066.19149565,204.095232174
16,1.5,16.0,1.50026893616,0.0,0.0002689361599998996,9.641,D:\zju_soft_study\blade_fracture\后处理\outputs\linearization\16mps_1.5rpm.lin,4054.03332938,51693.4944131,-204818.087814,5.37913775168,-1225.30623628,537.022038888
16,2.0,16.0,1.99998581409,0.0,-1.4185910000019675e-05,9.228,D:\zju_soft_study\blade_fracture\后处理\outputs\linearization\16mps_2rpm.lin,4465.73374791,55421.4203245,-188427.913887,33.8031518853,-903.67952928,313.434211804
16,2.5,16.0,2.50043082237,0.0,0.00043082236999980594,8.817,D:\zju_soft_study\blade_fracture\后处理\outputs\linearization\16mps_2.5rpm.lin,34987.8192497,54775.9673832,-164854.281604,-567.79719426,-527.064186545,225.784853053
16,3.0,16.0,3.00017023087,0.0,0.00017023086999978787,8.386,D:\zju_soft_study\blade_fracture\后处理\outputs\linearization\16mps_3rpm.lin,223217.538981,48561.4297159,-147135.56179,-2819.98208412,-240.114182433,202.829297593
16,3.5,16.0,3.50055480003,0.0,0.000554800030000191,7.95,D:\zju_soft_study\blade_fracture\后处理\outputs\linearization\16mps_3.5rpm.lin,371155.564712,44652.1567038,-135633.434052,-1787.70025845,39.912569713,20.4368002609
16,4.0,16.0,3.99945664406,0.0,-0.0005433559400001009,7.471,D:\zju_soft_study\blade_fracture\后处理\outputs\linearization\16mps_4rpm.lin,281809.494468,44970.1604851,-118559.291757,782.760053767,332.90558873,-246.192802595
16,4.5,16.0,4.50057172775,0.0,0.0005717277499996953,7.028,D:\zju_soft_study\blade_fracture\后处理\outputs\linearization\16mps_4.5rpm.lin,92998.2969147,47887.3368794,-104489.596901,727.472355333,691.61187851,-444.489914504
16,5.0,16.0,4.99985265732,0.0,-0.00014734268000005102,6.507,D:\zju_soft_study\blade_fracture\后处理\outputs\linearization\16mps_5rpm.lin,7973.65406049,53033.1232647,-91401.0922682,164.560545144,1254.83541675,-726.996155482
16,5.5,16.0,5.49972105026,0.0,-0.00027894974000020056,6.09,D:\zju_soft_study\blade_fracture\后处理\outputs\linearization\16mps_5.5rpm.lin,2084.77429229,55897.1070919,-76941.0699136,131.244339195,1687.89596604,-921.600375352
16,6.0,16.0,6.00013971329,0.0,0.00013971329000028732,5.57,D:\zju_soft_study\blade_fracture\后处理\outputs\linearization\16mps_6rpm.lin,3471.20386834,74393.6101817,-55304.751175,187.925473849,2655.34550821,-1044.52891792
16,6.5,16.0,6.50024986267,0.0,0.00024986266999960094,5.097,D:\zju_soft_study\blade_fracture\后处理\outputs\linearization\16mps_6.5rpm.lin,5792.96597735,99478.5450704,-44841.1094414,318.415377559,4408.09254525,-1846.6698311
16,7.0,16.0,7.00002717972,0.0,2.7179719999992358e-05,4.351,D:\zju_soft_study\blade_fracture\后处理\outputs\linearization\16mps_7rpm.lin,8246.68432872,150801.933286,-17539.6705034,471.568500522,8114.51760948,-2641.87258349
16,7.5,16.0,7.50031995773,0.0,0.0003199577300003753,3.497,D:\zju_soft_study\blade_fracture\后处理\outputs\linearization\16mps_7.5rpm.lin,9000.03768408,164370.134091,-19580.8326486,481.957496775,10289.9567979,-4094.63393044
16,8.0,16.0,8.00042915344,0.0,0.000429153440000718,2.985,D:\zju_soft_study\blade_fracture\后处理\outputs\linearization\16mps_8rpm.lin,5754.55283211,95323.0434082,46072.968701,267.381441734,4383.99682019,537.819367851
16,8.5,16.0,8.49970531464,0.0,-0.00029468536000010204,2.715,D:\zju_soft_study\blade_fracture\后处理\outputs\linearization\16mps_8.5rpm.lin,7150.48656269,74815.7826489,145810.596888,324.456365268,2857.44175599,8762.225656
16,9.0,16.0,8.99995708466,0.0,-4.291533999989383e-05,2.462,D:\zju_soft_study\blade_fracture\后处理\outputs\linearization\16mps_9rpm.lin,6114.25532538,119419.29201,256405.775293,335.821677108,6843.2814614,16098.3235501
16,9.5,16.0,9.4998884201,0.0,-0.00011157990000043583,2.207,D:\zju_soft_study\blade_fracture\后处理\outputs\linearization\16mps_9.5rpm.lin,3565.05926134,57363.7988335,382033.933848,259.964556637,7712.35576086,26407.7590646
16,10.0,16.0,9.99965763092,0.0,-0.0003423690800001822,2.011,D:\zju_soft_study\blade_fracture\后处理\outputs\linearization\16mps_10rpm.lin,2976.58133748,17287.2567059,440919.671243,251.431087109,7504.20921541,31875.7012102
16,10.5,16.0,10.499745369,0.0,-0.0002546310000006713,1.772,D:\zju_soft_study\blade_fracture\后处理\outputs\linearization\16mps_10.5rpm.lin,2519.20252148,-3464.6910286,490108.097955,210.031725973,6664.79119002,39157.6366877
16,11.0,16.0,11.000576973,0.0,0.00057697299999937,1.519,D:\zju_soft_study\blade_fracture\后处理\outputs\linearization\16mps_11rpm.lin,2526.13278956,6779.23446599,514168.744364,187.495772563,5926.5518733,42369.1098917
16,11.5,16.0,11.4999608994,0.0,-3.9100600000452346e-05,1.307,D:\zju_soft_study\blade_fracture\后处理\outputs\linearization\16mps_11.5rpm.lin,2621.00173139,21912.8723607,551615.117262,198.83920178,6697.67961335,44727.413129
16,12.0,16.0,12.0000858307,0.0,8.583069999978932e-05,0.909,D:\zju_soft_study\blade_fracture\后处理\outputs\linearization\16mps_12rpm.lin,1998.09034013,35381.9579056,625102.325967,177.008375984,7580.4471638,47567.3310363
17,1.0,17.0,0.999893605709,0.0,-0.00010639429100001152,9.995,D:\zju_soft_study\blade_fracture\后处理\outputs\linearization\17mps_1rpm.lin,5850.19589636,67401.3962923,-270310.744784,6.99698660491,-1190.62463672,283.947028402
17,1.5,17.0,1.49955868721,0.0,-0.00044131279000003687,9.582,D:\zju_soft_study\blade_fracture\后处理\outputs\linearization\17mps_1.5rpm.lin,4389.89138221,58482.7614269,-225509.026191,2.2953497934,-1415.15465618,586.694234457
17,2.0,17.0,1.9994354248,0.0,-0.0005645752000000837,9.169,D:\zju_soft_study\blade_fracture\后处理\outputs\linearization\17mps_2rpm.lin,4813.71924491,62878.6375166,-209695.391045,31.943511098,-1028.78236342,309.727331538
17,2.5,17.0,2.49947118759,0.0,-0.0005288124099998015,8.762,D:\zju_soft_study\blade_fracture\后处理\outputs\linearization\17mps_2.5rpm.lin,10655.006618,63518.4637168,-181849.642202,-83.6660791777,-580.199871496,191.740130305
17,3.0,17.0,2.99980211258,0.0,-0.00019788742000015347,8.321,D:\zju_soft_study\blade_fracture\后处理\outputs\linearization\17mps_3rpm.lin,156859.711935,57175.1267134,-160395.953761,-2348.45559034,-223.029719607,134.363918485
17,3.5,17.0,3.50013303757,0.0,0.00013303756999993865,7.887,D:\zju_soft_study\blade_fracture\后处理\outputs\linearization\17mps_3.5rpm.lin,359976.232276,52982.181102,-144761.367926,-2717.03553862,96.7436816915,51.0150654014
17,4.0,17.0,4.0000462532,0.0,4.625319999984612e-05,7.392,D:\zju_soft_study\blade_fracture\后处理\outputs\linearization\17mps_4rpm.lin,325261.840229,55754.6042286,-133380.99372,-360.118377602,472.806960093,-327.492380361
17,4.5,17.0,4.50045204163,0.0,0.00045204163000001074,6.949,D:\zju_soft_study\blade_fracture\后处理\outputs\linearization\17mps_4.5rpm.lin,180827.394912,58616.9052803,-121467.052568,787.532520023,943.309746947,-639.345922467
17,5.0,17.0,4.9997215271,0.0,-0.0002784728999998265,6.408,D:\zju_soft_study\blade_fracture\后处理\outputs\linearization\17mps_5rpm.lin,70111.5027646,68330.8984565,-84962.4790455,806.559492365,1660.84483533,-598.360416126
17,5.5,17.0,5.49978780746,0.0,-0.00021219254000026666,5.995,D:\zju_soft_study\blade_fracture\后处理\outputs\linearization\17mps_5.5rpm.lin,3632.41497442,63099.8880358,-74849.7739614,167.524175384,1941.79477625,-929.154018158
17,6.0,17.0,5.99969816208,0.0,-0.0003018379200003807,5.456,D:\zju_soft_study\blade_fracture\后处理\outputs\linearization\17mps_6rpm.lin,6535.21653704,110505.555694,-69370.8650455,288.960197283,3858.66531179,-1587.49595346
17,6.5,17.0,6.50017404556,0.0,0.0001740455599996693,4.942,D:\zju_soft_study\blade_fracture\后处理\outputs\linearization\17mps_6.5rpm.lin,7589.92211419,135968.685566,-72930.3653477,372.448670105,6073.74776935,-3150.26072085
17,7.0,17.0,7.00024366379,0.0,0.00024366379000007043,4.174,D:\zju_soft_study\blade_fracture\后处理\outputs\linearization\17mps_7rpm.lin,9177.45870414,188057.946201,-36046.2072862,461.812780225,9898.9421043,-3513.95463377
17,7.5,17.0,7.50020885468,0.0,0.00020885468000031437,3.418,D:\zju_soft_study\blade_fracture\后处理\outputs\linearization\17mps_7.5rpm.lin,10429.6150827,150916.066751,-25990.7979816,478.833467531,8721.79626573,-3402.83215514
17,8.0,17.0,8.00070953369,0.0,0.0007095336899993754,2.945,D:\zju_soft_study\blade_fracture\后处理\outputs\linearization\17mps_8rpm.lin,6773.35238311,92581.4008845,103153.889041,276.237466666,3988.94229458,4313.07408983
17,8.5,17.0,8.50015354156,0.0,0.00015354155999958152,2.695,D:\zju_soft_study\blade_fracture\后处理\outputs\linearization\17mps_8.5rpm.lin,6031.37226824,84378.6824997,159267.943101,290.899339745,3606.71124748,11493.8467066
17,9.0,17.0,8.99957084656,0.0,-0.000429153440000718,2.44,D:\zju_soft_study\blade_fracture\后处理\outputs\linearization\17mps_9rpm.lin,5238.14030809,106940.874111,307613.878233,295.873600922,6996.4263745,18214.4625942
17,9.5,17.0,9.49958705902,0.0,-0.00041294098000044244,2.193,D:\zju_soft_study\blade_fracture\后处理\outputs\linearization\17mps_9.5rpm.lin,3220.16668144,45139.9120882,424397.000826,232.213401912,7500.64692658,26914.0209914
17,10.0,17.0,9.99931716919,0.0,-0.0006828308099997571,2.003,D:\zju_soft_study\blade_fracture\后处理\outputs\linearization\17mps_10rpm.lin,3171.83523337,20159.5357341,470376.863885,238.584939454,7489.27943719,31062.8173384
17,10.5,17.0,10.5000391006,0.0,3.9100600000452346e-05,1.761,D:\zju_soft_study\blade_fracture\后处理\outputs\linearization\17mps_10.5rpm.lin,2889.79438406,938.2621711,520994.104099,206.411904628,7517.44854423,38533.6498389
17,11.0,17.0,10.9999923706,0.0,-7.629400000652709e-06,1.517,D:\zju_soft_study\blade_fracture\后处理\outputs\linearization\17mps_11rpm.lin,2537.28028871,7089.95117972,547815.690883,173.263753775,6338.90967899,42489.0729301
17,11.5,17.0,11.5001783371,0.0,0.00017833709999948155,1.314,D:\zju_soft_study\blade_fracture\后处理\outputs\linearization\17mps_11.5rpm.lin,2556.25575573,24535.6241388,589484.046534,180.007839253,7248.48354135,44934.326989
17,12.0,17.0,11.9998998642,0.0,-0.00010013580000034494,0.92,D:\zju_soft_study\blade_fracture\后处理\outputs\linearization\17mps_12rpm.lin,2316.15506209,33470.0316,663977.512367,177.320123299,7808.81016905,47805.4106669
18,1.0,18.0,1.00005888939,0.0,5.8889389999983166e-05,10.104,D:\zju_soft_study\blade_fracture\后处理\outputs\linearization\18mps_1rpm.lin,5990.09399792,70493.5247612,-261734.282788,1.54375651196,-1364.8224055,479.719265262
18,1.5,18.0,1.49988293648,0.0,-0.00011706352000007136,9.665,D:\zju_soft_study\blade_fracture\后处理\outputs\linearization\18mps_1.5rpm.lin,4651.63687394,64813.0372431,-245265.327164,-0.925863262377,-1618.46273736,642.591191229
18,2.0,18.0,2.00013875961,0.0,0.00013875960999998327,9.211,D:\zju_soft_study\blade_fracture\后处理\outputs\linearization\18mps_2rpm.lin,4501.67477105,64033.7893996,-216728.447981,9.53992153198,-1542.66462565,802.029007364
18,2.5,18.0,2.5000872612,0.0,8.726120000002169e-05,8.792,D:\zju_soft_study\blade_fracture\后处理\outputs\linearization\18mps_2.5rpm.lin,4281.52577513,63694.9975197,-195221.044746,36.8393832547,-1075.71084894,568.180815467
18,3.0,18.0,3.00008058548,0.0,8.058548000011712e-05,8.306,D:\zju_soft_study\blade_fracture\后处理\outputs\linearization\18mps_3rpm.lin,97887.5567044,59851.3230271,-174827.328226,-1498.81140531,-576.302147624,358.703612793
18,3.5,18.0,3.50030779839,0.0,0.00030779839000016906,7.856,D:\zju_soft_study\blade_fracture\后处理\outputs\linearization\18mps_3.5rpm.lin,339496.982787,58191.6175128,-161649.298938,-3353.17971898,-117.431161159,185.889554187
18,4.0,18.0,3.9997651577,0.0,-0.00023484229999981565,7.282,D:\zju_soft_study\blade_fracture\后处理\outputs\linearization\18mps_4rpm.lin,368467.966054,63853.4165777,-149835.625399,-1481.12903314,431.435870584,-294.172422647
18,4.5,18.0,4.50009202957,0.0,9.202957000020717e-05,6.742,D:\zju_soft_study\blade_fracture\后处理\outputs\linearization\18mps_4.5rpm.lin,303583.755998,65758.4112731,-124245.897874,1457.03024855,1032.38974766,-584.819811983
18,5.0,18.0,4.99975299835,0.0,-0.0002470016500000227,6.177,D:\zju_soft_study\blade_fracture\后处理\outputs\linearization\18mps_5rpm.lin,129606.580138,68506.1477398,-97839.705491,1019.73609889,1633.4342483,-885.286936969
18,5.5,18.0,5.50031471252,0.0,0.00031471251999981575,5.65,D:\zju_soft_study\blade_fracture\后处理\outputs\linearization\18mps_5.5rpm.lin,23026.4176318,120449.673586,-104407.234218,82.3386329489,3607.70413944,-1873.8069923
18,6.0,18.0,6.00028562546,0.0,0.00028562546000010514,5.116,D:\zju_soft_study\blade_fracture\后处理\outputs\linearization\18mps_6rpm.lin,8013.86445215,151459.995395,-81001.9082866,329.248397452,5649.86718696,-2541.60496934
18,6.5,18.0,6.49985933304,0.0,-0.00014066696000014645,4.41,D:\zju_soft_study\blade_fracture\后处理\outputs\linearization\18mps_6.5rpm.lin,10335.4263229,193058.25492,-72264.3019109,422.174579254,8413.38039616,-3839.48866229
18,7.0,18.0,7.00005435944,0.0,5.4359439999984716e-05,3.594,D:\zju_soft_study\blade_fracture\后处理\outputs\linearization\18mps_7rpm.lin,12117.6563922,176698.156538,-33210.0662003,495.64333814,8815.4321772,-2925.44192975
18,7.5,18.0,7.50030708313,0.0,0.00030708313000005205,3.084,D:\zju_soft_study\blade_fracture\后处理\outputs\linearization\18mps_7.5rpm.lin,6918.94718671,82432.8675074,74520.3232292,257.009805499,3656.21014409,2372.85099374
18,8.0,18.0,7.99906349182,0.0,-0.0009365081799996844,2.776,D:\zju_soft_study\blade_fracture\后处理\outputs\linearization\18mps_8rpm.lin,6734.65740909,64059.3754713,112450.129267,278.90524315,2900.5059147,6251.50669281
18,8.5,18.0,8.49952316284,0.0,-0.0004768371600007981,2.523,D:\zju_soft_study\blade_fracture\后处理\outputs\linearization\18mps_8.5rpm.lin,5907.30034116,97483.386893,250840.922708,267.301972882,5267.90392118,13304.4828639
18,9.0,18.0,9.00041007996,0.0,0.00041007995999997604,2.268,D:\zju_soft_study\blade_fracture\后处理\outputs\linearization\18mps_9rpm.lin,5088.96970997,82871.2430349,346181.099818,247.316110304,7155.48111633,20632.2997273
18,9.5,18.0,9.49877166748,0.0,-0.0012283325200002082,2.071,D:\zju_soft_study\blade_fracture\后处理\outputs\linearization\18mps_9.5rpm.lin,3409.1495671,51587.1286644,434337.818571,215.001540066,7500.46025606,26153.7328546
18,10.0,18.0,9.99922180176,0.0,-0.0007781982400008047,1.868,D:\zju_soft_study\blade_fracture\后处理\outputs\linearization\18mps_10rpm.lin,3112.69049911,17015.4916901,553577.497711,216.732480841,7957.81319098,33290.6383902
18,10.5,18.0,10.499007225,0.0,-0.0009927750000002789,1.606,D:\zju_soft_study\blade_fracture\后处理\outputs\linearization\18mps_10.5rpm.lin,2666.63751425,-758.356072186,566941.738282,180.203446175,7770.54891692,38422.8630778
18,11.0,18.0,10.9988613129,0.0,-0.0011386870999992027,1.425,D:\zju_soft_study\blade_fracture\后处理\outputs\linearization\18mps_11rpm.lin,2465.40387678,-3610.09666268,572943.471186,160.589690471,7074.68452599,41996.01589
18,11.5,18.0,11.500585556,0.0,0.0005855560000007642,1.1,D:\zju_soft_study\blade_fracture\后处理\outputs\linearization\18mps_11.5rpm.lin,2433.77113017,23543.9842811,644366.241335,159.462497829,7477.12162113,46075.9901581
18,12.0,18.0,12.0000257492,0.0,2.574920000064651e-05,0.868,D:\zju_soft_study\blade_fracture\后处理\outputs\linearization\18mps_12rpm.lin,2419.57036331,28824.4779975,654702.758058,180.171212355,7811.13692661,46606.1999302
19,1.0,19.0,0.99943035841,0.0,-0.0005696415899999474,10.032,D:\zju_soft_study\blade_fracture\后处理\outputs\linearization\19mps_1rpm.lin,4933.26469999,80186.4120845,-252706.616529,4.02422613952,-1561.64151045,583.728730244
19,1.5,19.0,1.50026142597,0.0,0.00026142597000000656,9.598,D:\zju_soft_study\blade_fracture\后处理\outputs\linearization\19mps_1.5rpm.lin,5266.4898014,74509.167613,-268240.934749,1.06400486308,-1722.99667239,638.534605277
19,2.0,19.0,2.00048446655,0.0,0.00048446655000011773,9.143,D:\zju_soft_study\blade_fracture\后处理\outputs\linearization\19mps_2rpm.lin,4861.72919477,72170.0554575,-232241.280284,6.22879548849,-1723.66772043,879.062175767
19,2.5,19.0,2.49994397163,0.0,-5.602836999996086e-05,8.72,D:\zju_soft_study\blade_fracture\后处理\outputs\linearization\19mps_2.5rpm.lin,4723.59078195,73244.4143535,-211568.246838,37.6933853836,-1153.66973307,562.655465636
19,3.0,19.0,2.99985671043,0.0,-0.00014328956999998255,8.224,D:\zju_soft_study\blade_fracture\后处理\outputs\linearization\19mps_3rpm.lin,47148.1697788,69302.916854,-187446.723663,-722.831115954,-578.825556221,298.565163189
19,3.5,19.0,3.49996781349,0.0,-3.218650999992079e-05,7.754,D:\zju_soft_study\blade_fracture\后处理\outputs\linearization\19mps_3.5rpm.lin,277913.357732,69773.4062315,-173649.183759,-3404.64770117,20.5416356614,104.198306053
19,4.0,19.0,4.00028991699,0.0,0.00028991698999991655,7.15,D:\zju_soft_study\blade_fracture\后处理\outputs\linearization\19mps_4rpm.lin,358886.299826,74691.5919457,-162648.394093,-2911.31124388,639.453207746,-447.623277446
19,4.5,19.0,4.49980831146,0.0,-0.00019168854000017888,6.581,D:\zju_soft_study\blade_fracture\后处理\outputs\linearization\19mps_4.5rpm.lin,389412.752451,80897.7036034,-140238.582331,130.39387403,1340.86674409,-945.939891063
19,5.0,19.0,5.00014734268,0.0,0.00014734268000005102,6.05,D:\zju_soft_study\blade_fracture\后处理\outputs\linearization\19mps_5rpm.lin,240487.782921,77230.6923723,-115114.383014,857.779292682,1909.72823324,-1227.21516803
19,5.5,19.0,5.49993419647,0.0,-6.580353000007477e-05,5.539,D:\zju_soft_study\blade_fracture\后处理\outputs\linearization\19mps_5.5rpm.lin,97542.8510356,160278.914607,-120478.700371,-691.506662527,4758.58822085,-2432.77656001
19,6.0,19.0,6.00004768372,0.0,4.768372000008014e-05,4.962,D:\zju_soft_study\blade_fracture\后处理\outputs\linearization\19mps_6rpm.lin,22463.3303794,209139.825053,-100503.959238,232.058646648,7698.68885446,-3267.98564281
19,6.5,19.0,6.50028944016,0.0,0.0002894401600004315,4.248,D:\zju_soft_study\blade_fracture\后处理\outputs\linearization\19mps_6.5rpm.lin,13037.2842931,225687.770835,-82591.8661681,481.362133497,9804.8624954,-3689.98248763
19,7.0,19.0,6.99999094009,0.0,-9.059909999997728e-06,3.502,D:\zju_soft_study\blade_fracture\后处理\outputs\linearization\19mps_7rpm.lin,9177.287179,144983.933537,-24837.7204189,292.336144787,6670.54676405,-1558.84806371
19,7.5,19.0,7.49989461899,0.0,-0.00010538101000001632,3.017,D:\zju_soft_study\blade_fracture\后处理\outputs\linearization\19mps_7.5rpm.lin,7917.50770421,73918.8277287,99988.2972228,232.88572995,3194.60204698,4733.39234735
19,8.0,19.0,8.00003623962,0.0,3.623961999998926e-05,2.755,D:\zju_soft_study\blade_fracture\后处理\outputs\linearization\19mps_8rpm.lin,6040.91376393,65302.7709901,212918.278643,220.025345656,3278.61887364,10287.2781623
19,8.5,19.0,8.5008649826,0.0,0.0008649825999995642,2.496,D:\zju_soft_study\blade_fracture\后处理\outputs\linearization\19mps_8.5rpm.lin,6534.53139663,94804.6368955,292201.313544,255.010811962,5777.59195333,14698.6055615
19,9.0,19.0,9.0008392334,0.0,0.000839233400000694,2.25,D:\zju_soft_study\blade_fracture\后处理\outputs\linearization\19mps_9rpm.lin,4568.54885074,76910.5770612,389919.265504,232.689915567,7430.34603985,21270.3867093
19,9.5,19.0,9.49888706207,0.0,-0.0011129379299994469,2.06,D:\zju_soft_study\blade_fracture\后处理\outputs\linearization\19mps_9.5rpm.lin,3424.54587701,50311.4981643,450767.383347,207.435622677,7938.6168738,25665.5996706
19,10.0,19.0,10.0008335114,0.0,0.0008335113999997645,1.848,D:\zju_soft_study\blade_fracture\后处理\outputs\linearization\19mps_10rpm.lin,3496.15154848,21452.890313,576116.224976,208.739743235,8448.1419477,32972.3782399
19,10.5,19.0,10.5005207062,0.0,0.0005207061999996654,1.595,D:\zju_soft_study\blade_fracture\后处理\outputs\linearization\19mps_10.5rpm.lin,2715.58395293,12597.1465572,581906.679694,175.418769382,8968.24034827,37012.6259422
19,11.0,19.0,11.0012397766,0.0,0.0012397766000002974,1.419,D:\zju_soft_study\blade_fracture\后处理\outputs\linearization\19mps_11rpm.lin,2481.5917185,-1907.83948734,606869.73463,162.520727431,7940.51723823,41871.8004305
19,11.5,19.0,11.499997139,0.0,-2.8610000004647418e-06,1.094,D:\zju_soft_study\blade_fracture\后处理\outputs\linearization\19mps_11.5rpm.lin,2790.39413306,26933.7864829,672154.694399,170.563768974,8016.83938372,45895.150354
19,12.0,19.0,12.0009689331,0.0,0.0009689330999993473,0.874,D:\zju_soft_study\blade_fracture\后处理\outputs\linearization\19mps_12rpm.lin,2580.83190478,28958.0444991,682987.177713,174.586865578,8191.32779957,46597.5831821
20,1.0,20.0,1.00019323826,0.0,0.0001932382600000615,10.184,D:\zju_soft_study\blade_fracture\后处理\outputs\linearization\20mps_1rpm.lin,5689.93643611,84651.8307135,-234278.861443,3.91433843259,-1626.76540313,821.962231438
20,1.5,20.0,1.49949526787,0.0,-0.0005047321300000185,9.664,D:\zju_soft_study\blade_fracture\后处理\outputs\linearization\20mps_1.5rpm.lin,5364.13287398,79811.8185652,-272681.357661,-4.8229547574,-1859.03262753,719.834183043
20,2.0,20.0,1.99952673912,0.0,-0.00047326087999999267,9.182,D:\zju_soft_study\blade_fracture\后处理\outputs\linearization\20mps_2rpm.lin,4897.06068944,76858.4811456,-246404.080782,-7.46442946787,-2053.93002186,1078.89799269
20,2.5,20.0,2.49986219406,0.0,-0.00013780594000012414,8.716,D:\zju_soft_study\blade_fracture\后处理\outputs\linearization\20mps_2.5rpm.lin,4168.71518055,68240.5587726,-222758.828774,8.38952614066,-1766.64743541,992.968311649
20,3.0,20.0,2.99960923195,0.0,-0.0003907680499999344,8.168,D:\zju_soft_study\blade_fracture\后处理\outputs\linearization\20mps_3rpm.lin,16887.1055243,70099.4144899,-198848.583786,-181.719146918,-990.965828657,585.20099118
20,3.5,20.0,3.49986410141,0.0,-0.00013589858999996096,7.568,D:\zju_soft_study\blade_fracture\后处理\outputs\linearization\20mps_3.5rpm.lin,213359.977508,77454.1833374,-185924.80452,-2829.28365734,5.71983928575,103.142194883
20,4.0,20.0,4.00004196167,0.0,4.19616700000347e-05,6.959,D:\zju_soft_study\blade_fracture\后处理\outputs\linearization\20mps_4rpm.lin,372972.761197,89361.0121676,-180281.170238,-3609.72184277,766.681054359,-645.360860258
20,4.5,20.0,4.5003247261,0.0,0.0003247260999996726,6.21,D:\zju_soft_study\blade_fracture\后处理\outputs\linearization\20mps_4.5rpm.lin,299148.103843,84186.0021782,-146677.195553,-2526.95656058,1549.84448649,-998.535626163
20,5.0,20.0,5.00021266937,0.0,0.00021266936999975172,5.712,D:\zju_soft_study\blade_fracture\后处理\outputs\linearization\20mps_5rpm.lin,115231.122435,184075.684701,-173176.493578,-5570.35262921,4677.46090083,-2857.62700321
20,5.5,20.0,5.49970817566,0.0,-0.00029182433999963564,5.096,D:\zju_soft_study\blade_fracture\后处理\outputs\linearization\20mps_5.5rpm.lin,113427.754393,228946.013518,-131558.271734,-2773.89759213,7134.86543089,-3194.12780203
20,6.0,20.0,5.99983024597,0.0,-0.0001697540299998579,4.448,D:\zju_soft_study\blade_fracture\后处理\outputs\linearization\20mps_6rpm.lin,-27790.8897882,220311.229435,-126036.390984,-2544.48264693,7938.61466081,-4106.60785311
20,6.5,20.0,6.4997959137,0.0,-0.00020408630000012806,3.679,D:\zju_soft_study\blade_fracture\后处理\outputs\linearization\20mps_6.5rpm.lin,10676.3188374,154208.087761,-38180.475073,283.004989739,6163.97387483,-1716.07573991
20,7.0,20.0,7.00009155273,0.0,9.15527299998331e-05,3.201,D:\zju_soft_study\blade_fracture\后处理\outputs\linearization\20mps_7rpm.lin,8970.39592296,72629.8518112,65209.7590583,217.214218609,3167.2812681,3221.0971045
20,7.5,20.0,7.49949121475,0.0,-0.0005087852500000878,2.83,D:\zju_soft_study\blade_fracture\后处理\outputs\linearization\20mps_7.5rpm.lin,6275.78581117,50883.4513185,172496.106197,195.506338693,2614.82031825,7388.24600588
20,8.0,20.0,8.0001449585,0.0,0.0001449584999999587,2.586,D:\zju_soft_study\blade_fracture\后处理\outputs\linearization\20mps_8rpm.lin,6285.10888349,69333.90016,251506.986145,216.125475809,3997.00800373,11573.2998384
20,8.5,20.0,8.50039196014,0.0,0.0003919601399999806,2.325,D:\zju_soft_study\blade_fracture\后处理\outputs\linearization\20mps_8.5rpm.lin,5543.03323544,80341.7375142,362180.946247,241.62583817,6653.91322275,18065.6278544
20,9.0,20.0,8.99888896942,0.0,-0.001111030580000616,2.128,D:\zju_soft_study\blade_fracture\后处理\outputs\linearization\20mps_9rpm.lin,4285.09251393,75067.0951149,451934.784854,198.041546152,7710.05366792,22854.5254882
20,9.5,20.0,9.4994764328,0.0,-0.0005235672000001301,1.926,D:\zju_soft_study\blade_fracture\后处理\outputs\linearization\20mps_9.5rpm.lin,3999.54168918,56696.1037374,485538.759539,198.037728669,8508.6100599,26013.4029571
20,10.0,20.0,10.0008268356,0.0,0.0008268355999998533,1.677,D:\zju_soft_study\blade_fracture\后处理\outputs\linearization\20mps_10rpm.lin,3496.62071509,35005.8424406,583729.401679,181.533580122,9239.54768973,32080.265048
20,10.5,20.0,10.5007257462,0.0,0.0007257462000005432,1.491,D:\zju_soft_study\blade_fracture\后处理\outputs\linearization\20mps_10.5rpm.lin,2950.10591347,12251.0004529,597967.402888,170.865328432,9010.05259596,35714.9660609
20,11.0,20.0,10.9991846085,0.0,-0.0008153914999997625,1.314,D:\zju_soft_study\blade_fracture\后处理\outputs\linearization\20mps_11rpm.lin,2792.23160993,15233.8939534,631789.817732,179.665172313,9151.85061843,40438.5106961
20,11.5,20.0,11.5008573532,0.0,0.0008573532000006878,0.991,D:\zju_soft_study\blade_fracture\后处理\outputs\linearization\20mps_11.5rpm.lin,2902.47593956,34127.6711138,688090.083076,163.660795516,8600.11581598,44894.1527998
20,12.0,20.0,12.0010843277,0.0,0.0010843276999992213,0.822,D:\zju_soft_study\blade_fracture\后处理\outputs\linearization\20mps_12rpm.lin,3175.60975081,36759.9874974,694944.0907,206.385494501,8916.88685454,45823.4187238
21,1.0,21.0,0.992050647736,0.0,-0.007949352263999954,11.8,D:\zju_soft_study\openfast5.0.0\openfast-main\vs-build\controllers\DISCON_MPC_CPP\repair_21mps\override_lin\21mps_1rpm.lin,7812.34735553,114860.706886,-257569.595815,19.0523860413,-1226.95744546,811.261237461
21,1.5,21.0,1.49814772606,0.0,-0.0018522739399999821,10.787,D:\zju_soft_study\openfast5.0.0\openfast-main\vs-build\controllers\DISCON_MPC_CPP\repair_21mps\override_lin\21mps_1.5rpm.lin,4639.72937715,74583.4672985,-258565.109984,-1.93892858964,-1831.11266284,844.371371765
21,2.0,21.0,1.99928426743,0.0,-0.0007157325700000161,9.012,D:\zju_soft_study\openfast5.0.0\openfast-main\vs-build\controllers\DISCON_MPC_CPP\repair_21mps\override_lin\21mps_2rpm.lin,1984.85995932,36672.6500998,-240137.354898,-32.1659778744,-2625.6201571,1374.28739112
21,2.5,21.0,2.49772334099,0.0,-0.0022766590100000705,7.341,D:\zju_soft_study\openfast5.0.0\openfast-main\vs-build\controllers\DISCON_MPC_CPP\repair_21mps\override_lin\21mps_2.5rpm.lin,3805.78690055,70882.6769215,-207013.232367,33.1583422746,-1433.99191037,790.313866899
21,3.0,21.0,2.99980926514,0.0,-0.00019073485999987483,6.327,D:\zju_soft_study\openfast5.0.0\openfast-main\vs-build\controllers\DISCON_MPC_CPP\repair_21mps\override_lin\21mps_3rpm.lin,26128.737146,120518.306392,-244968.105308,-1259.24699036,916.6458468,-1570.97585688
21,3.5,21.0,3.49829626083,0.0,-0.001703739169999885,5.372,D:\zju_soft_study\openfast5.0.0\openfast-main\vs-build\controllers\DISCON_MPC_CPP\repair_21mps\override_lin\21mps_3.5rpm.lin,96818.4656572,229036.855537,-196005.280728,-2944.98092063,3231.66726653,-2222.95314871
21,4.0,21.0,3.99553751945,0.0,-0.004462480549999981,4.438,D:\zju_soft_study\openfast5.0.0\openfast-main\vs-build\controllers\DISCON_MPC_CPP\repair_21mps\override_lin\21mps_4rpm.lin,-27396.0136795,200002.265065,-21711.5194492,-6816.21797481,3142.85171242,-339.466303033
21,4.5,21.0,4.49761533737,0.0,-0.002384662629999923,4.248,D:\zju_soft_study\openfast5.0.0\openfast-main\vs-build\controllers\DISCON_MPC_CPP\repair_21mps\override_lin\21mps_4.5rpm.lin,-126510.368301,153554.642931,-78932.0982517,-7501.11700748,2862.44966805,-881.649997839
21,5.0,21.0,4.99181890488,0.0,-0.008181095120000315,3.295,D:\zju_soft_study\openfast5.0.0\openfast-main\vs-build\controllers\DISCON_MPC_CPP\repair_21mps\override_lin\21mps_5rpm.lin,-88733.6400754,133821.897285,103200.441862,-5010.59075105,4552.20988006,2487.16278822
21,5.5,21.0,5.49994373322,0.0,-5.6266779999702976e-05,3.14,D:\zju_soft_study\openfast5.0.0\openfast-main\vs-build\controllers\DISCON_MPC_CPP\repair_21mps\override_lin\21mps_5.5rpm.lin,-35880.0413212,85258.7073752,111229.012966,-199.085628418,3376.1424275,4183.15143355
21,6.0,21.0,5.99980163574,0.0,-0.00019836426000008345,2.93,D:\zju_soft_study\openfast5.0.0\openfast-main\vs-build\controllers\DISCON_MPC_CPP\repair_21mps\override_lin\21mps_6rpm.lin,430082.414303,170579.010059,391516.385358,15078.1543484,6839.70647043,13708.6866834
21,6.5,21.0,6.49331474304,0.0,-0.006685256959999997,2.356,D:\zju_soft_study\openfast5.0.0\openfast-main\vs-build\controllers\DISCON_MPC_CPP\repair_21mps\override_lin\21mps_6.5rpm.lin,7681.93090499,67845.620901,197075.995608,146.137709092,2917.44886038,5712.7920784
21,7.0,21.0,6.99607896805,0.0,-0.003921031950000042,2.191,D:\zju_soft_study\openfast5.0.0\openfast-main\vs-build\controllers\DISCON_MPC_CPP\repair_21mps\override_lin\21mps_7rpm.lin,7781.23727575,45066.3497316,216284.405689,154.318027122,1976.31468038,6764.93059204
21,7.5,21.0,7.49857330322,0.0,-0.0014266967800002917,2.042,D:\zju_soft_study\openfast5.0.0\openfast-main\vs-build\controllers\DISCON_MPC_CPP\repair_21mps\override_lin\21mps_7.5rpm.lin,6307.32394628,18626.6841312,204696.334283,131.333791253,1582.1400497,7456.28474406
21,8.0,21.0,7.9964299202,0.0,-0.0035700798000002365,1.885,D:\zju_soft_study\openfast5.0.0\openfast-main\vs-build\controllers\DISCON_MPC_CPP\repair_21mps\override_lin\21mps_8rpm.lin,7063.74619823,101741.772875,392934.455901,232.665233544,7023.74211746,17451.4887178
21,8.5,21.0,8.50206279755,0.0,0.0020627975499998286,1.733,D:\zju_soft_study\openfast5.0.0\openfast-main\vs-build\controllers\DISCON_MPC_CPP\repair_21mps\override_lin\21mps_8.5rpm.lin,5344.90124213,76347.3394264,603654.009005,233.824938002,8042.88028263,26457.3333425
21,9.0,21.0,8.99653339386,0.0,-0.0034666061399999393,1.461,D:\zju_soft_study\openfast5.0.0\openfast-main\vs-build\controllers\DISCON_MPC_CPP\repair_21mps\override_lin\21mps_9rpm.lin,4985.04099757,72746.3976255,461911.412462,189.313215996,6736.56110647,21549.9274461
21,9.5,21.0,9.49524497986,0.0,-0.004755020139999289,1.148,D:\zju_soft_study\openfast5.0.0\openfast-main\vs-build\controllers\DISCON_MPC_CPP\repair_21mps\override_lin\21mps_9.5rpm.lin,4782.18900069,-34642.6038674,308953.167079,88.9923504714,-1808.53959354,13162.8100966
21,10.0,21.0,9.98907375336,0.0,-0.010926246640000414,0.973,D:\zju_soft_study\openfast5.0.0\openfast-main\vs-build\controllers\DISCON_MPC_CPP\repair_21mps\override_lin\21mps_10rpm.lin,5677.17863678,-1328.37305808,286385.791924,177.300674252,-1533.92231653,12357.5358205
21,10.5,21.0,10.5002260208,0.0,0.00022602079999956004,0.873,D:\zju_soft_study\openfast5.0.0\openfast-main\vs-build\controllers\DISCON_MPC_CPP\repair_21mps\override_lin\21mps_10.5rpm.lin,5790.19131569,46468.48788,309855.575607,233.608231534,2755.52337221,16639.7239041
21,11.0,21.0,11.0072956085,0.0,0.007295608499999773,0.742,D:\zju_soft_study\openfast5.0.0\openfast-main\vs-build\controllers\DISCON_MPC_CPP\repair_21mps\override_lin\21mps_11rpm.lin,5839.48655295,97856.9796255,444987.671588,320.284868096,10515.9024256,26557.9366741
21,11.5,21.0,11.4839715958,0.0,-0.016028404200000068,0.499,D:\zju_soft_study\openfast5.0.0\openfast-main\vs-build\controllers\DISCON_MPC_CPP\repair_21mps\override_lin\21mps_11.5rpm.lin,3732.13197156,17146.0434141,684125.931331,252.475139132,8901.31777057,42602.3216193
21,12.0,21.0,11.9978046417,0.0,-0.002195358299999839,0.339,D:\zju_soft_study\openfast5.0.0\openfast-main\vs-build\controllers\DISCON_MPC_CPP\repair_21mps\override_lin\21mps_12rpm.lin,4322.01253623,62775.6573218,827000.119519,273.866078727,10021.3401741,46366.1619477
22,1.0,22.0,0.999821960926,0.0,-0.00017803907400004704,9.97,D:\zju_soft_study\blade_fracture\后处理\outputs\linearization\22mps_1rpm.lin,5979.61779994,89979.5728278,-240359.376044,-38.150762177,-2057.78405818,1236.33549231
22,1.5,22.0,1.50042116642,0.0,0.0004211664200000076,9.481,D:\zju_soft_study\blade_fracture\后处理\outputs\linearization\22mps_1.5rpm.lin,5119.90578952,91473.9690597,-321497.361807,-6.73968635438,-2121.68237491,702.502769269
22,2.0,22.0,1.99958741665,0.0,-0.00041258334999993984,8.927,D:\zju_soft_study\blade_fracture\后处理\outputs\linearization\22mps_2rpm.lin,5518.05004943,94800.4055333,-269737.786989,-5.12227377022,-2277.35453702,1144.74057916
22,2.5,22.0,2.49985265732,0.0,-0.00014734268000005102,8.468,D:\zju_soft_study\blade_fracture\后处理\outputs\linearization\22mps_2.5rpm.lin,4920.86581737,87013.5953308,-251671.711511,16.1110900027,-1866.18460694,913.207438899
22,3.0,22.0,2.99954128265,0.0,-0.0004587173499999153,7.867,D:\zju_soft_study\blade_fracture\后处理\outputs\linearization\22mps_3rpm.lin,5296.51695563,97735.2243025,-229748.913875,69.4995568658,-658.093396821,242.143210757
22,3.5,22.0,3.49997138977,0.0,-2.8610229999781467e-05,7.107,D:\zju_soft_study\blade_fracture\后处理\outputs\linearization\22mps_3.5rpm.lin,143801.986476,113201.188161,-202297.073516,-2294.90119818,640.758502153,-480.971211616
22,4.0,22.0,3.99968528748,0.0,-0.00031471251999981575,6.533,D:\zju_soft_study\blade_fracture\后处理\outputs\linearization\22mps_4rpm.lin,212275.518828,111487.040785,-199332.016926,-5864.37821551,1212.11965532,-1237.70633859
22,4.5,22.0,4.49964284897,0.0,-0.0003571510300002245,5.886,D:\zju_soft_study\blade_fracture\后处理\outputs\linearization\22mps_4.5rpm.lin,151793.445912,233786.283683,-213018.546257,-9207.0644243,4996.17928161,-2741.69257436
22,5.0,22.0,4.9998292923,0.0,-0.00017070769999971702,5.322,D:\zju_soft_study\blade_fracture\后处理\outputs\linearization\22mps_5rpm.lin,154288.241884,249727.322756,-191998.157148,-8478.18086367,6022.99280319,-3518.87848982
22,5.5,22.0,5.49944496155,0.0,-0.0005550384499999339,4.835,D:\zju_soft_study\blade_fracture\后处理\outputs\linearization\22mps_5.5rpm.lin,-54598.2968358,285951.984528,-162569.612396,-9250.80076351,7698.80386667,-3608.40314531
22,6.0,22.0,6.00022506714,0.0,0.00022506713999970174,4.167,D:\zju_soft_study\blade_fracture\后处理\outputs\linearization\22mps_6rpm.lin,-124506.652612,234646.884612,-71870.3934267,-6254.43820135,7761.62061673,-2156.4251391
22,6.5,22.0,6.5004119873,0.0,0.0004119872999996943,3.538,D:\zju_soft_study\blade_fracture\后处理\outputs\linearization\22mps_6.5rpm.lin,-6404.82412505,93564.8132425,27723.9953119,-194.699059937,3388.31935276,2065.44570796
22,7.0,22.0,7.00023317337,0.0,0.0002331733699998395,3.05,D:\zju_soft_study\blade_fracture\后处理\outputs\linearization\22mps_7rpm.lin,6786.86934728,52109.1076672,171822.880787,133.607948601,2629.95493772,6685.36555447
22,7.5,22.0,7.4991850853,0.0,-0.0008149147000002799,2.784,D:\zju_soft_study\blade_fracture\后处理\outputs\linearization\22mps_7.5rpm.lin,6798.7879278,60606.6686734,228395.301084,184.11884401,3493.35010721,8830.93582909
22,8.0,22.0,7.9999756813,0.0,-2.431870000041414e-05,2.523,D:\zju_soft_study\blade_fracture\后处理\outputs\linearization\22mps_8rpm.lin,6440.16425301,86322.6408562,360082.488322,200.021095993,5849.91781563,14982.1749078
22,8.5,22.0,8.49973011017,0.0,-0.00026988982999931466,2.287,D:\zju_soft_study\blade_fracture\后处理\outputs\linearization\22mps_8.5rpm.lin,5480.09889751,95519.4434942,451039.538299,219.510730046,8123.24305336,19503.8414449
22,9.0,22.0,9.00087833405,0.0,0.0008783340500002623,2.104,D:\zju_soft_study\blade_fracture\后处理\outputs\linearization\22mps_9rpm.lin,5384.82070989,81858.5355957,537563.327337,196.673445478,8757.77806695,23969.3312607
22,9.5,22.0,9.49971008301,0.0,-0.00028991699000080473,1.882,D:\zju_soft_study\blade_fracture\后处理\outputs\linearization\22mps_9.5rpm.lin,4587.47745008,68950.4376444,604663.847119,196.066974934,9926.83119829,28095.5226322
22,10.0,22.0,10.0000686646,0.0,6.86646000005453e-05,1.636,D:\zju_soft_study\blade_fracture\后处理\outputs\linearization\22mps_10rpm.lin,3633.94611209,51321.2538274,617619.855261,174.599276491,10394.6621077,31024.7693598
22,10.5,22.0,10.4991083145,0.0,-0.0008916854999991841,1.466,D:\zju_soft_study\blade_fracture\后处理\outputs\linearization\22mps_10.5rpm.lin,3730.98364447,31274.5306614,652319.611729,192.490592829,10597.2157715,34099.7174642
22,11.0,22.0,10.9994020462,0.0,-0.0005979537999998286,1.276,D:\zju_soft_study\blade_fracture\后处理\outputs\linearization\22mps_11rpm.lin,3565.31209328,23597.871634,699953.890422,190.471333979,10916.456046,39477.6873311
22,11.5,22.0,11.4989900589,0.0,-0.0010099410999995229,0.978,D:\zju_soft_study\blade_fracture\后处理\outputs\linearization\22mps_11.5rpm.lin,3292.93438875,37126.0703205,737471.883044,166.186225833,9519.81539422,44138.9004249
22,12.0,22.0,12.0004959106,0.0,0.0004959105999997604,0.829,D:\zju_soft_study\blade_fracture\后处理\outputs\linearization\22mps_12rpm.lin,3784.52468915,43037.213591,728361.854101,210.087765691,9918.10718749,44696.3033112
23,1.0,23.0,1.0000756979,0.0,7.569790000006016e-05,10.157,D:\zju_soft_study\blade_fracture\后处理\outputs\linearization\23mps_1rpm.lin,5318.39640036,79708.6723662,-257719.997236,-43.1315692101,-2241.87982554,1250.22580213
23,1.5,23.0,1.50009632111,0.0,9.632111000001942e-05,9.458,D:\zju_soft_study\blade_fracture\后处理\outputs\linearization\23mps_1.5rpm.lin,5968.50189906,102148.866808,-322689.830218,-3.22450161666,-2119.26365322,783.144900347
23,2.0,23.0,2.00016999245,0.0,0.00016999245000004493,8.842,D:\zju_soft_study\blade_fracture\后处理\outputs\linearization\23mps_2rpm.lin,5725.08144623,100919.782992,-274801.301503,0.222429236714,-2315.95896737,1172.07357554
23,2.5,23.0,2.49998760223,0.0,-1.2397769999950015e-05,8.39,D:\zju_soft_study\blade_fracture\后处理\outputs\linearization\23mps_2.5rpm.lin,4352.4018641,79099.1142726,-264369.888646,-3.74572966521,-2403.03509742,1179.15161861
23,3.0,23.0,2.99962544441,0.0,-0.00037455559000010297,7.652,D:\zju_soft_study\blade_fracture\后处理\outputs\linearization\23mps_3rpm.lin,5501.15408334,102237.176192,-236738.998976,71.4140191479,-785.165081341,194.352431776
23,3.5,23.0,3.50027823448,0.0,0.00027823448000008355,6.729,D:\zju_soft_study\blade_fracture\后处理\outputs\linearization\23mps_3.5rpm.lin,92277.8545418,117310.809437,-223711.371109,-2657.27828226,717.010625431,-933.490368659
23,4.0,23.0,4.00029420853,0.0,0.0002942085299997288,5.922,D:\zju_soft_study\blade_fracture\后处理\outputs\linearization\23mps_4rpm.lin,202088.892009,270724.132225,-202497.608744,-4063.33458529,4854.35906961,-1969.54242076
23,4.5,23.0,4.49987459183,0.0,-0.00012540816999973003,5.599,D:\zju_soft_study\blade_fracture\后处理\outputs\linearization\23mps_4.5rpm.lin,137097.241329,279267.370263,-251370.908669,-8000.39888771,5280.76759258,-3596.14945809
23,5.0,23.0,5.00035429001,0.0,0.0003542900099997581,4.87,D:\zju_soft_study\blade_fracture\后处理\outputs\linearization\23mps_5rpm.lin,62757.8815255,309131.096881,-137037.18065,-9440.00830386,6522.4474254,-2542.33235716
23,5.5,23.0,5.50037527084,0.0,0.00037527084000021915,4.426,D:\zju_soft_study\blade_fracture\后处理\outputs\linearization\23mps_5.5rpm.lin,-182912.504299,216522.934832,-137531.356749,-11667.4000575,5273.69340047,-2762.7308684
23,6.0,23.0,6.00028562546,0.0,0.00028562546000010514,3.645,D:\zju_soft_study\blade_fracture\后处理\outputs\linearization\23mps_6rpm.lin,-180130.46227,110902.009548,37865.3482857,-4262.35767893,3666.25164745,1593.65077353
23,6.5,23.0,6.50010204315,0.0,0.00010204315000006403,3.27,D:\zju_soft_study\blade_fracture\后处理\outputs\linearization\23mps_6.5rpm.lin,-23683.5006786,89504.6490666,153509.71726,551.555314816,3647.00603294,6196.78474714
23,7.0,23.0,7.00067567825,0.0,0.0006756782500003666,2.86,D:\zju_soft_study\blade_fracture\后处理\outputs\linearization\23mps_7rpm.lin,7294.16272502,66487.1651645,195450.227864,164.874792404,3568.01531729,7043.24036479
23,7.5,23.0,7.49972200394,0.0,-0.0002779960600003406,2.614,D:\zju_soft_study\blade_fracture\后处理\outputs\linearization\23mps_7.5rpm.lin,8409.0168357,75028.1922486,303638.98353,210.161197698,4679.33688481,11312.2235618
23,8.0,23.0,8.00022411346,0.0,0.00022411345999984178,2.355,D:\zju_soft_study\blade_fracture\后处理\outputs\linearization\23mps_8rpm.lin,5261.96118366,89881.4247362,413331.753407,183.067409975,6941.71238063,16605.0331001
23,8.5,23.0,8.50026702881,0.0,0.0002670288100006246,2.181,D:\zju_soft_study\blade_fracture\后处理\outputs\linearization\23mps_8.5rpm.lin,5877.90774257,101577.490528,507210.88814,199.425305441,8795.18600295,20484.1364225
23,9.0,23.0,8.99970149994,0.0,-0.0002985000599995402,1.974,D:\zju_soft_study\blade_fracture\后处理\outputs\linearization\23mps_9rpm.lin,5325.51901547,82503.8305452,600567.198884,198.896141419,10000.9822274,25611.437254
23,9.5,23.0,9.50090789795,0.0,0.000907897950000347,1.711,D:\zju_soft_study\blade_fracture\后处理\outputs\linearization\23mps_9.5rpm.lin,4367.94948225,77890.3741665,614640.474727,167.938023526,10288.3890251,27352.24418
23,10.0,23.0,9.99906730652,0.0,-0.000932693479999358,1.519,D:\zju_soft_study\blade_fracture\后处理\outputs\linearization\23mps_10rpm.lin,4393.5389903,55341.1793774,572442.133115,163.693565041,9243.98514533,26674.7663496
23,10.5,23.0,10.499007225,0.0,-0.0009927750000002789,1.363,D:\zju_soft_study\blade_fracture\后处理\outputs\linearization\23mps_10.5rpm.lin,3625.58230973,50970.1525619,591356.902327,176.301668204,10731.310329,29800.2958843
23,11.0,23.0,10.9992380142,0.0,-0.0007619858000005308,1.061,D:\zju_soft_study\blade_fracture\后处理\outputs\linearization\23mps_11rpm.lin,3365.56901248,20007.6398042,723989.469927,178.078821516,11009.2820331,39740.6660066
23,11.5,23.0,11.4988298416,0.0,-0.001170158400000787,0.908,D:\zju_soft_study\blade_fracture\后处理\outputs\linearization\23mps_11.5rpm.lin,3626.79079406,38909.9879502,734990.259594,179.932465124,10170.0311019,43058.6735506
23,12.0,23.0,12.000043869,0.0,4.386900000064031e-05,0.678,D:\zju_soft_study\blade_fracture\后处理\outputs\linearization\23mps_12rpm.lin,3953.29952821,50921.4529444,773407.079757,225.690164257,10940.9462243,45579.1283201
24,1.0,24.0,0.999855875969,0.0,-0.00014412403099994808,9.649,D:\zju_soft_study\blade_fracture\后处理\outputs\linearization\24mps_1rpm.lin,4661.9661333,93494.9177715,-302339.085532,-57.7411561446,-2385.14000545,1022.28763632
24,1.5,24.0,1.50023019314,0.0,0.00023019313999994573,9.295,D:\zju_soft_study\blade_fracture\后处理\outputs\linearization\24mps_1.5rpm.lin,9009.86114533,142749.842975,-333869.669195,12.9532276943,-2071.17609956,748.202308251
24,2.0,24.0,2.00005459785,0.0,5.459785000017092e-05,8.656,D:\zju_soft_study\blade_fracture\后处理\outputs\linearization\24mps_2rpm.lin,5703.88785576,108990.413374,-292559.412166,-0.842020852305,-2418.84256088,1143.95723842
24,2.5,24.0,2.50031900406,0.0,0.0003190040600000721,7.949,D:\zju_soft_study\blade_fracture\后处理\outputs\linearization\24mps_2.5rpm.lin,6241.83484386,120106.185535,-269970.551093,48.1089604601,-1266.70215509,502.429152478
24,3.0,24.0,3.00001978874,0.0,1.9788739999970772e-05,7.103,D:\zju_soft_study\blade_fracture\后处理\outputs\linearization\24mps_3rpm.lin,7109.62908762,138600.331038,-235277.956598,128.261890216,520.014554771,-433.355285477
24,3.5,24.0,3.49959731102,0.0,-0.00040268897999995446,6.631,D:\zju_soft_study\blade_fracture\后处理\outputs\linearization\24mps_3.5rpm.lin,32385.6972498,148540.846797,-270522.022971,-1090.21596385,1303.65542308,-1818.77730563
24,4.0,24.0,3.99975776672,0.0,-0.00024223327999983724,5.87,D:\zju_soft_study\blade_fracture\后处理\outputs\linearization\24mps_4rpm.lin,134102.270419,311852.338052,-229369.329336,-3930.99753792,5211.81506511,-2510.55110447
24,4.5,24.0,4.50015878677,0.0,0.00015878677000014108,5.552,D:\zju_soft_study\blade_fracture\后处理\outputs\linearization\24mps_4.5rpm.lin,94441.6584222,301784.11178,-285082.31294,-6746.09669018,5442.49118651,-4112.76267317
24,5.0,24.0,5.00032281876,0.0,0.00032281875999995435,4.866,D:\zju_soft_study\blade_fracture\后处理\outputs\linearization\24mps_5rpm.lin,83074.3688143,315994.645704,-133735.511356,-7502.71946998,6219.52125204,-1908.4977963
24,5.5,24.0,5.50040340424,0.0,0.00040340424000007147,4.443,D:\zju_soft_study\blade_fracture\后处理\outputs\linearization\24mps_5.5rpm.lin,-103475.358554,230017.353001,-112213.784176,-9148.39007686,5090.14161099,-1680.93731263
24,6.0,24.0,6.00042581558,0.0,0.0004258155799998775,3.682,D:\zju_soft_study\blade_fracture\后处理\outputs\linearization\24mps_6rpm.lin,-254807.281313,118051.657204,39011.263876,-6381.60686337,3748.13882848,1599.2460645
24,6.5,24.0,6.50000524521,0.0,5.245209999671374e-06,3.325,D:\zju_soft_study\blade_fracture\后处理\outputs\linearization\24mps_6.5rpm.lin,-99090.7713599,106814.693647,148295.801325,-438.759215157,4077.3849628,5671.61073688
24,7.0,24.0,6.99932289124,0.0,-0.0006771087599997117,2.898,D:\zju_soft_study\blade_fracture\后处理\outputs\linearization\24mps_7rpm.lin,-12537.4453579,81995.890806,231840.209827,-301.282093766,4137.29233351,8278.79251636
24,7.5,24.0,7.49963569641,0.0,-0.000364303589999615,2.661,D:\zju_soft_study\blade_fracture\后处理\outputs\linearization\24mps_7.5rpm.lin,8617.4065136,85434.6283067,306833.223237,222.641681735,5373.70761228,11497.8753161
24,8.0,24.0,8.00086021423,0.0,0.0008602142300002669,2.386,D:\zju_soft_study\blade_fracture\后处理\outputs\linearization\24mps_8rpm.lin,5574.07310118,92924.6589809,432647.593076,182.551636677,7376.57826768,16657.181212
24,8.5,24.0,8.50072002411,0.0,0.0007200241100004945,2.211,D:\zju_soft_study\blade_fracture\后处理\outputs\linearization\24mps_8.5rpm.lin,6392.07298525,113835.030043,521262.678065,197.252090269,9457.115611,20300.2751613
24,9.0,24.0,8.99953079224,0.0,-0.0004692077600001454,2.021,D:\zju_soft_study\blade_fracture\后处理\outputs\linearization\24mps_9rpm.lin,5327.90159563,98330.1648871,595560.980149,196.419175112,10335.6877063,25257.8148648
24,9.5,24.0,9.50060462952,0.0,0.0006046295199997331,1.75,D:\zju_soft_study\blade_fracture\后处理\outputs\linearization\24mps_9.5rpm.lin,5111.0950823,102155.837764,642142.448893,190.092904912,12102.9595455,27108.5133054
24,10.0,24.0,9.99913883209,0.0,-0.0008611679099992386,1.548,D:\zju_soft_study\blade_fracture\后处理\outputs\linearization\24mps_10rpm.lin,4307.33205831,80059.7484544,600996.91723,142.237439038,10909.8852975,26752.2051766
24,10.5,24.0,10.4991378784,0.0,-0.0008621216000008758,1.391,D:\zju_soft_study\blade_fracture\后处理\outputs\linearization\24mps_10.5rpm.lin,3593.44443967,62190.4594024,622253.651429,162.378003062,11721.9367642,30193.3091219
24,11.0,24.0,11.00066185,0.0,0.0006618500000001859,1.098,D:\zju_soft_study\blade_fracture\后处理\outputs\linearization\24mps_11rpm.lin,3835.6851096,33601.3436153,754302.518276,173.049596986,11595.8099825,40316.0857297
24,11.5,24.0,11.4981536865,0.0,-0.0018463134999997521,0.93,D:\zju_soft_study\blade_fracture\后处理\outputs\linearization\24mps_11.5rpm.lin,3629.45727736,40572.2024186,765847.617848,159.444616854,10522.1363115,42922.3722627
24,12.0,24.0,11.9992837906,0.0,-0.0007162094000001673,0.791,D:\zju_soft_study\blade_fracture\后处理\outputs\linearization\24mps_12rpm.lin,4027.36053498,58703.7909059,775047.171446,206.242335542,11326.5888276,44035.1637304
25,1.0,25.0,1.00025629997,0.0,0.0002562999699999846,8.959,D:\zju_soft_study\blade_fracture\后处理\outputs\linearization\25mps_1rpm.lin,5031.99177358,88373.2455592,-263130.867414,-25.513257554,-2656.04299626,1470.03680781
25,1.5,25.0,1.50030660629,0.0,0.00030660628999990003,8.665,D:\zju_soft_study\blade_fracture\后处理\outputs\linearization\25mps_1.5rpm.lin,6821.37924595,145862.932601,-321436.485041,21.5591868908,-1844.69073655,725.947038425
25,2.0,25.0,1.99971485138,0.0,-0.0002851486199999531,8.206,D:\zju_soft_study\blade_fracture\后处理\outputs\linearization\25mps_2rpm.lin,6657.5182214,124538.686136,-354847.086469,54.9690530007,-857.148560497,-299.753725387
25,2.5,25.0,2.49986243248,0.0,-0.0001375675199999371,7.828,D:\zju_soft_study\blade_fracture\后处理\outputs\linearization\25mps_2.5rpm.lin,8478.94275008,142112.244603,-352354.720061,119.312339258,70.0296220385,-1034.46613682
25,3.0,25.0,2.99964022636,0.0,-0.0003597736400000606,7.284,D:\zju_soft_study\blade_fracture\后处理\outputs\linearization\25mps_3rpm.lin,6905.89293461,147128.633026,-291986.454371,127.389203806,561.814547982,-1486.48696326
25,3.5,25.0,3.49962306023,0.0,-0.0003769397700001953,6.859,D:\zju_soft_study\blade_fracture\后处理\outputs\linearization\25mps_3.5rpm.lin,12385.3161422,144998.799679,-306718.631678,-270.424497762,826.488026073,-2339.39115375
25,4.0,25.0,4.00020265579,0.0,0.00020265578999989486,6.328,D:\zju_soft_study\blade_fracture\后处理\outputs\linearization\25mps_4rpm.lin,87411.1803281,218982.642628,-245204.450399,-3451.27079678,2532.97120395,-2401.55483641
25,4.5,25.0,4.49934005737,0.0,-0.000659942629999577,5.946,D:\zju_soft_study\blade_fracture\后处理\outputs\linearization\25mps_4.5rpm.lin,154864.945048,335803.178469,-233709.484634,-6691.87843827,5951.8572462,-3097.55307993
25,5.0,25.0,4.99977397919,0.0,-0.00022602080999956087,5.542,D:\zju_soft_study\blade_fracture\后处理\outputs\linearization\25mps_5rpm.lin,94528.4655971,314060.16223,-237963.696263,-9861.63085459,6180.9951463,-3945.74323778
25,5.5,25.0,5.49926233292,0.0,-0.000737667080000115,5.112,D:\zju_soft_study\blade_fracture\后处理\outputs\linearization\25mps_5.5rpm.lin,-24445.6077072,344050.011366,-217272.757886,-11473.1897099,8374.37282325,-4298.07871004
25,6.0,25.0,5.99973726273,0.0,-0.0002627372699999242,4.755,D:\zju_soft_study\blade_fracture\后处理\outputs\linearization\25mps_6rpm.lin,-45270.6389898,288803.290167,-174816.585267,-10065.2364727,7420.03873304,-3834.78861788
25,6.5,25.0,6.49962425232,0.0,-0.00037574767999970504,4.161,D:\zju_soft_study\blade_fracture\后处理\outputs\linearization\25mps_6.5rpm.lin,-206692.788408,280214.649354,-76747.6966578,-8752.88876964,8665.43411371,-1924.55628138
25,7.0,25.0,7.00011968613,0.0,0.00011968612999968542,3.617,D:\zju_soft_study\blade_fracture\后处理\outputs\linearization\25mps_7rpm.lin,-43463.8551229,113555.568897,82527.4084162,-760.955777323,3716.09043491,3835.68386443
25,7.5,25.0,7.50013542175,0.0,0.0001354217499995869,3.187,D:\zju_soft_study\blade_fracture\后处理\outputs\linearization\25mps_7.5rpm.lin,6451.84646406,60502.631147,198322.178812,105.436160693,3579.75885727,7625.71015457
25,8.0,25.0,7.99959373474,0.0,-0.0004062652599996497,2.873,D:\zju_soft_study\blade_fracture\后处理\outputs\linearization\25mps_8rpm.lin,7541.41919237,67814.1538035,317941.442491,128.803764641,4768.86309972,12295.3161849
25,8.5,25.0,8.50037956238,0.0,0.0003795623799991432,2.662,D:\zju_soft_study\blade_fracture\后处理\outputs\linearization\25mps_8.5rpm.lin,7236.48280549,99241.0416545,431179.388726,193.773856842,7355.21089464,16213.1389207
25,9.0,25.0,9.0004940033,0.0,0.0004940033000000454,2.385,D:\zju_soft_study\blade_fracture\后处理\outputs\linearization\25mps_9rpm.lin,6763.93975121,111853.348137,551708.222904,225.878321396,10854.3025651,22098.4897726
25,9.5,25.0,9.49977874756,0.0,-0.00022125243999937538,2.196,D:\zju_soft_study\blade_fracture\后处理\outputs\linearization\25mps_9.5rpm.lin,6152.38848919,116933.609992,650686.682013,229.484672086,12456.2958824,27198.2617725
25,10.0,25.0,9.99900722504,0.0,-0.0009927749600002755,2.011,D:\zju_soft_study\blade_fracture\后处理\outputs\linearization\25mps_10rpm.lin,5996.5713796,104347.170569,704315.531637,223.569485539,12842.0622972,30200.0234711
25,10.5,25.0,10.4999027252,0.0,-9.72747999998802e-05,1.755,D:\zju_soft_study\blade_fracture\后处理\outputs\linearization\25mps_10.5rpm.lin,4462.79779466,93157.9814875,734596.35111,201.311301199,14198.6770552,34218.785256
25,11.0,25.0,11.000746727,0.0,0.0007467269999992254,1.557,D:\zju_soft_study\blade_fracture\后处理\outputs\linearization\25mps_11rpm.lin,3792.80761727,64638.2416829,739860.400852,175.225140388,14201.2093255,37091.1838274
25,11.5,25.0,11.4986791611,0.0,-0.0013208388999998988,1.398,D:\zju_soft_study\blade_fracture\后处理\outputs\linearization\25mps_11.5rpm.lin,3718.68464512,45216.1633916,789997.788913,175.115310198,13457.6683529,41740.758716
25,12.0,25.0,12.0008001328,0.0,0.0008001328000002417,1.023,D:\zju_soft_study\blade_fracture\后处理\outputs\linearization\25mps_12rpm.lin,2629.44237613,23888.9905119,912112.999986,120.612561307,11230.9804235,47411.9218296
26,1.0,26.0,0.999430894852,0.0,-0.0005691051480000153,8.881,D:\zju_soft_study\blade_fracture\后处理\outputs\linearization\26mps_1rpm.lin,7232.40468976,129407.176305,-306217.293608,-48.5720648045,-2493.55905694,1304.59804212
26,1.5,26.0,1.50017309189,0.0,0.00017309189000003222,8.617,D:\zju_soft_study\blade_fracture\后处理\outputs\linearization\26mps_1.5rpm.lin,8852.55027137,189878.076699,-345916.106838,5.13092447031,-1968.61624367,870.09572199
26,2.0,26.0,1.99955451488,0.0,-0.00044548511999997764,8.018,D:\zju_soft_study\blade_fracture\后处理\outputs\linearization\26mps_2rpm.lin,9339.02313982,166489.295277,-341962.698051,73.0584091655,-717.666291082,-76.8932861288
26,2.5,26.0,2.50050020218,0.0,0.00050020218000002,7.684,D:\zju_soft_study\blade_fracture\后处理\outputs\linearization\26mps_2.5rpm.lin,8435.50513618,154918.395192,-373382.271142,107.533718151,-22.7688650889,-989.799759573
26,3.0,26.0,3.00014472008,0.0,0.00014472008000021575,6.987,D:\zju_soft_study\blade_fracture\后处理\outputs\linearization\26mps_3rpm.lin,4765.10991197,103221.50367,-302965.75812,35.7350403716,-527.822377685,-1564.19156658
26,3.5,26.0,3.49980521202,0.0,-0.00019478797999994413,6.589,D:\zju_soft_study\blade_fracture\后处理\outputs\linearization\26mps_3.5rpm.lin,6068.75650295,113942.871928,-336175.824321,62.7083615542,286.180130335,-2645.17380516
26,4.0,26.0,4.00076913834,0.0,0.0007691383399999197,5.985,D:\zju_soft_study\blade_fracture\后处理\outputs\linearization\26mps_4rpm.lin,55830.2130344,358222.876413,-266296.459232,-1349.39745575,5380.20128376,-3028.28337774
26,4.5,26.0,4.49995946884,0.0,-4.05311599998015e-05,5.68,D:\zju_soft_study\blade_fracture\后处理\outputs\linearization\26mps_4.5rpm.lin,88874.918068,355345.182919,-308881.547355,-5215.89428659,5875.05781527,-4365.39006038
26,5.0,26.0,4.99948406219,0.0,-0.0005159378100003664,5.167,D:\zju_soft_study\blade_fracture\后处理\outputs\linearization\26mps_5rpm.lin,4786.47870308,349818.433243,-239238.527357,-10289.727053,6609.21937032,-4107.61500548
26,5.5,26.0,5.50009441376,0.0,9.441376000030033e-05,4.809,D:\zju_soft_study\blade_fracture\后处理\outputs\linearization\26mps_5.5rpm.lin,-15787.0220949,311369.798353,-180624.944915,-9556.7324146,6201.43691416,-2871.05570154
26,6.0,26.0,5.99951457977,0.0,-0.0004854202300004218,4.316,D:\zju_soft_study\blade_fracture\后处理\outputs\linearization\26mps_6rpm.lin,-168244.539693,280868.438199,-87333.0919228,-10883.3930098,6950.89112604,-1416.28004984
26,6.5,26.0,6.5000667572,0.0,6.67571999999339e-05,3.714,D:\zju_soft_study\blade_fracture\后处理\outputs\linearization\26mps_6.5rpm.lin,-264404.204564,133756.760618,47061.3208976,-6904.79214334,3964.57758847,2103.49368654
26,7.0,26.0,6.9998922348,0.0,-0.00010776520000010947,3.332,D:\zju_soft_study\blade_fracture\后处理\outputs\linearization\26mps_7rpm.lin,-110026.448076,101866.686418,186290.065114,-774.633025931,4339.7245144,6847.18136927
26,7.5,26.0,7.50078058243,0.0,0.0007805824300000097,2.931,D:\zju_soft_study\blade_fracture\后处理\outputs\linearization\26mps_7.5rpm.lin,-39674.614425,78962.3700628,277934.664446,-879.930374704,4688.63525657,9669.11041611
26,8.0,26.0,7.99984169006,0.0,-0.00015830993999976783,2.717,D:\zju_soft_study\blade_fracture\后处理\outputs\linearization\26mps_8rpm.lin,7544.67233837,96229.0647525,369292.784879,158.679975616,6456.29051555,13167.9577643
26,8.5,26.0,8.50046062469,0.0,0.0004606246899996336,2.44,D:\zju_soft_study\blade_fracture\后处理\outputs\linearization\26mps_8.5rpm.lin,7196.22596565,121985.866805,541967.940387,213.865472633,10262.5161866,19928.6359352
26,9.0,26.0,8.99996089935,0.0,-3.9100649999568304e-05,2.247,D:\zju_soft_study\blade_fracture\后处理\outputs\linearization\26mps_9rpm.lin,7146.09633252,138821.930117,592445.522138,239.042443181,12260.6576452,22996.6458788
26,9.5,26.0,9.49972057343,0.0,-0.0002794265699996856,2.073,D:\zju_soft_study\blade_fracture\后处理\outputs\linearization\26mps_9.5rpm.lin,6506.01114047,123163.74111,671470.726031,227.688250665,12716.917229,27449.6022428
26,10.0,26.0,10.000670433,0.0,0.0006704329999998038,1.807,D:\zju_soft_study\blade_fracture\后处理\outputs\linearization\26mps_10rpm.lin,5009.3819456,123947.052713,702252.883575,196.651640491,15064.5888349,29539.667231
26,10.5,26.0,10.5012588501,0.0,0.0012588500999992647,1.599,D:\zju_soft_study\blade_fracture\后处理\outputs\linearization\26mps_10.5rpm.lin,4206.03389051,93847.2072867,722277.758514,171.680671082,14529.2976633,32161.9562961
26,11.0,26.0,11.0009450912,0.0,0.0009450912000001921,1.44,D:\zju_soft_study\blade_fracture\后处理\outputs\linearization\26mps_11rpm.lin,4422.89035315,79578.951234,743076.126478,189.011524453,14370.6877909,36140.2081744
26,11.5,26.0,11.499628067,0.0,-0.0003719330000002685,1.167,D:\zju_soft_study\blade_fracture\后处理\outputs\linearization\26mps_11.5rpm.lin,3413.85665121,35269.4445044,852998.079473,152.339783778,12830.7984184,42920.3579579
26,12.0,26.0,12.0017156601,0.0,0.001715660100000349,0.937,D:\zju_soft_study\blade_fracture\后处理\outputs\linearization\26mps_12rpm.lin,2833.74240466,37766.4561229,909874.883599,119.207742715,11844.0908912,45943.493668
27,1.0,27.0,1.00034749508,0.0,0.0003474950799999821,8.708,D:\zju_soft_study\blade_fracture\后处理\outputs\linearization\27mps_1rpm.lin,5515.95689815,138346.481361,-307871.709241,-57.7358817194,-2453.44062977,1415.38480328
27,1.5,27.0,1.49991643429,0.0,-8.35657100000109e-05,8.443,D:\zju_soft_study\blade_fracture\后处理\outputs\linearization\27mps_1.5rpm.lin,10669.1883518,201854.794956,-356150.565453,12.5926382081,-1945.88506565,1001.94875365
27,2.0,27.0,2.0000500679,0.0,5.006790000017247e-05,7.823,D:\zju_soft_study\blade_fracture\后处理\outputs\linearization\27mps_2rpm.lin,6964.67369541,140183.847883,-379434.137853,74.5555285474,-730.403342496,-429.914181532
27,2.5,27.0,2.4998486042,0.0,-0.00015139580000012032,7.44,D:\zju_soft_study\blade_fracture\后处理\outputs\linearization\27mps_2.5rpm.lin,6045.8512399,133650.838232,-396579.899872,90.2767086738,-510.304852104,-1229.86593712
27,3.0,27.0,2.99950671196,0.0,-0.0004932880399999284,6.805,D:\zju_soft_study\blade_fracture\后处理\outputs\linearization\27mps_3rpm.lin,2371.9041261,96284.5698927,-330739.887239,4.61977267876,-786.929056882,-1894.14587497
27,3.5,27.0,3.50011777878,0.0,0.00011777877999996633,6.172,D:\zju_soft_study\blade_fracture\后处理\outputs\linearization\27mps_3.5rpm.lin,17749.7761212,339542.613201,-298518.173236,266.369423375,4411.47344666,-2815.38255641
27,4.0,27.0,3.99909186363,0.0,-0.00090813637000009,5.85,D:\zju_soft_study\blade_fracture\后处理\outputs\linearization\27mps_4rpm.lin,34246.8230814,384210.108087,-315291.512688,-592.781548669,5442.39020341,-3844.63632998
27,4.5,27.0,4.49971485138,0.0,-0.00028514861999973107,5.542,D:\zju_soft_study\blade_fracture\后处理\outputs\linearization\27mps_4.5rpm.lin,65103.4985125,328724.424784,-332251.063424,-1995.91807828,4952.48506209,-4590.65647476
27,5.0,27.0,5.00028371811,0.0,0.00028371811000038605,5.04,D:\zju_soft_study\blade_fracture\后处理\outputs\linearization\27mps_5rpm.lin,106269.494119,366514.778601,-188374.199094,-4999.00264734,5937.14834929,-2526.3857779
27,5.5,27.0,5.49964523315,0.0,-0.0003547668500001322,4.702,D:\zju_soft_study\blade_fracture\后处理\outputs\linearization\27mps_5.5rpm.lin,6205.92260302,281060.23391,-146999.484313,-8948.26450097,4693.95193311,-2198.613633
27,6.0,27.0,5.99997329712,0.0,-2.670287999961829e-05,4.185,D:\zju_soft_study\blade_fracture\后处理\outputs\linearization\27mps_6rpm.lin,-193568.345835,291627.266001,-55791.7653009,-10260.4626123,6910.49904331,-414.499154915
27,6.5,27.0,6.50059747696,0.0,0.0005974769600003427,3.643,D:\zju_soft_study\blade_fracture\后处理\outputs\linearization\27mps_6.5rpm.lin,-152370.686885,129298.039663,114190.48857,-4150.41192166,3750.12277072,3851.12686751
27,7.0,27.0,7.00031089783,0.0,0.0003108978300003784,3.244,D:\zju_soft_study\blade_fracture\后处理\outputs\linearization\27mps_7rpm.lin,-161741.207154,115386.396166,244524.063017,-1803.19878779,5238.52007302,8115.18620846
27,7.5,27.0,7.49905347824,0.0,-0.0009465217600004294,2.902,D:\zju_soft_study\blade_fracture\后处理\outputs\linearization\27mps_7.5rpm.lin,-134334.377563,101211.235604,304455.448388,-2229.94192736,5552.57660384,10385.0838484
27,8.0,27.0,7.99981737137,0.0,-0.00018262863000018115,2.683,D:\zju_soft_study\blade_fracture\后处理\outputs\linearization\27mps_8rpm.lin,7436.17758053,115099.645677,415881.415596,179.202754562,7569.76156211,13890.3098282
27,8.5,27.0,8.49989891052,0.0,-0.00010108947999931672,2.408,D:\zju_soft_study\blade_fracture\后处理\outputs\linearization\27mps_8.5rpm.lin,7651.50383364,134011.463027,549187.208605,218.632981723,10956.8132325,19545.918033
27,9.0,27.0,9.00006198883,0.0,6.198882999974842e-05,2.232,D:\zju_soft_study\blade_fracture\后处理\outputs\linearization\27mps_9rpm.lin,7343.25095868,142727.613132,600552.874939,254.213212721,12792.6317404,23341.9872373
27,9.5,27.0,9.50071334839,0.0,0.0007133483900005899,2.052,D:\zju_soft_study\blade_fracture\后处理\outputs\linearization\27mps_9.5rpm.lin,6935.51475065,135183.133995,702875.975177,231.783347887,13525.0072215,27363.994291
27,10.0,27.0,9.99934768677,0.0,-0.0006523132300007006,1.772,D:\zju_soft_study\blade_fracture\后处理\outputs\linearization\27mps_10rpm.lin,5238.72536992,132602.149268,722614.371219,193.983845309,15660.4768539,29238.8643886
27,10.5,27.0,10.4991378784,0.0,-0.0008621216000008758,1.58,D:\zju_soft_study\blade_fracture\后处理\outputs\linearization\27mps_10.5rpm.lin,4480.15227751,113306.316108,718990.413165,171.016500118,15318.5910277,31061.6982802
27,11.0,27.0,11.0003709793,0.0,0.00037097929999951873,1.423,D:\zju_soft_study\blade_fracture\后处理\outputs\linearization\27mps_11rpm.lin,5007.36730162,84030.9869071,792694.271536,198.585138033,15922.8977466,34991.6068445
27,11.5,27.0,11.5004787445,0.0,0.0004787445000005164,1.11,D:\zju_soft_study\blade_fracture\后处理\outputs\linearization\27mps_11.5rpm.lin,3641.87241462,43554.1025654,896481.995138,141.71130234,13717.8381399,43844.58812
27,12.0,27.0,12.0014324188,0.0,0.0014324188000003346,0.932,D:\zju_soft_study\blade_fracture\后处理\outputs\linearization\27mps_12rpm.lin,2993.38826992,41747.5507089,909695.834288,118.052764538,12470.9168898,44968.5701697
28,1.0,28.0,0.99894708395,0.0,-0.001052916050000019,8.544,D:\zju_soft_study\blade_fracture\后处理\outputs\linearization\28mps_1rpm.lin,9263.16460051,191018.851126,-292451.98258,-40.3474586237,-2260.92285307,1557.86888779
28,1.5,28.0,1.50048220158,0.0,0.0004822015799998969,7.919,D:\zju_soft_study\blade_fracture\后处理\outputs\linearization\28mps_1.5rpm.lin,3737.61056024,110582.767473,-350506.931171,19.1262692345,-1868.27943037,346.376487379
28,2.0,28.0,2.00005626678,0.0,5.6266780000147065e-05,7.642,D:\zju_soft_study\blade_fracture\后处理\outputs\linearization\28mps_2rpm.lin,6728.5282131,175267.762244,-331799.85916,68.1858488608,-666.228398348,-30.8283047057
28,2.5,28.0,2.50065112114,0.0,0.0006511211400002104,6.902,D:\zju_soft_study\blade_fracture\后处理\outputs\linearization\28mps_2.5rpm.lin,3707.17601129,101098.984554,-325003.147316,-1.6837427877,-1100.59548992,-1363.06883273
28,3.0,28.0,2.99979877472,0.0,-0.00020122528000010576,6.613,D:\zju_soft_study\blade_fracture\后处理\outputs\linearization\28mps_3rpm.lin,8177.93873563,175806.631195,-423673.641609,125.344870007,876.008593289,-2988.58478832
28,3.5,28.0,3.49938011169,0.0,-0.0006198883100001495,5.983,D:\zju_soft_study\blade_fracture\后处理\outputs\linearization\28mps_3.5rpm.lin,20233.2765173,372354.843709,-323205.492233,246.944128483,4295.55248375,-3273.74879251
28,4.0,28.0,3.99960494041,0.0,-0.00039505959000019075,5.728,D:\zju_soft_study\blade_fracture\后处理\outputs\linearization\28mps_4rpm.lin,21840.9830933,341880.582917,-351201.642498,97.0998466241,4144.17945971,-4104.92926582
28,4.5,28.0,4.49983167648,0.0,-0.0001683235199996247,5.345,D:\zju_soft_study\blade_fracture\后处理\outputs\linearization\28mps_4.5rpm.lin,40645.3030677,247158.733211,-320247.597616,-1086.00988375,2470.37428093,-4359.85072232
28,5.0,28.0,4.99979257584,0.0,-0.00020742416000008035,4.904,D:\zju_soft_study\blade_fracture\后处理\outputs\linearization\28mps_5rpm.lin,87516.3162012,349220.933115,-173026.092157,-4331.81008285,4588.07117994,-2439.43495626
28,5.5,28.0,5.50000905991,0.0,9.059909999997728e-06,4.573,D:\zju_soft_study\blade_fracture\后处理\outputs\linearization\28mps_5.5rpm.lin,-31004.5731351,266788.648568,-152521.365064,-7128.3868447,4153.78729994,-1812.98617948
28,6.0,28.0,6.00001621246,0.0,1.621246000027554e-05,3.957,D:\zju_soft_study\blade_fracture\后处理\outputs\linearization\28mps_6rpm.lin,-228926.716178,237164.010085,25682.8331667,-9655.39672669,5084.68793513,1628.00586007
28,6.5,28.0,6.49981689453,0.0,-0.00018310546999966704,3.586,D:\zju_soft_study\blade_fracture\后处理\outputs\linearization\28mps_6.5rpm.lin,-187585.749998,145490.891832,124983.581035,-5594.72240725,4338.3527963,3986.86862639
28,7.0,28.0,6.99978971481,0.0,-0.0002102851899996594,3.171,D:\zju_soft_study\blade_fracture\后处理\outputs\linearization\28mps_7rpm.lin,-199230.234667,136440.701145,291420.658548,-1843.79488741,6261.70735625,9408.92938609
28,7.5,28.0,7.50048065186,0.0,0.0004806518600002363,2.872,D:\zju_soft_study\blade_fracture\后处理\outputs\linearization\28mps_7.5rpm.lin,-156790.075421,120981.036968,379606.025191,-1600.62244878,6298.63826881,12192.1390194
28,8.0,28.0,8.0005531311,0.0,0.0005531311000002148,2.641,D:\zju_soft_study\blade_fracture\后处理\outputs\linearization\28mps_8rpm.lin,-31944.1472112,129016.252572,454591.876629,-550.677854623,8679.75050097,14710.4675783
28,8.5,28.0,8.49957370758,0.0,-0.0004262924200002516,2.38,D:\zju_soft_study\blade_fracture\后处理\outputs\linearization\28mps_8.5rpm.lin,-12819.737164,158795.951579,574168.168473,-78.8805612964,11859.8305809,19611.8305606
28,9.0,28.0,8.9986114502,0.0,-0.0013885497999996943,2.218,D:\zju_soft_study\blade_fracture\后处理\outputs\linearization\28mps_9rpm.lin,7632.26959905,169241.877549,628620.644928,252.350308561,13710.9605855,23345.3444119
28,9.5,28.0,9.50079917908,0.0,0.0007991790799994902,2.025,D:\zju_soft_study\blade_fracture\后处理\outputs\linearization\28mps_9.5rpm.lin,7606.47095154,161316.966982,761711.578764,242.935059501,14757.8156121,28299.8626583
28,10.0,28.0,9.99901866913,0.0,-0.0009813308699992973,1.742,D:\zju_soft_study\blade_fracture\后处理\outputs\linearization\28mps_10rpm.lin,5662.16664721,149920.248584,734503.245468,197.815978018,16548.6461573,28707.8712757
28,10.5,28.0,10.499745369,0.0,-0.0002546310000006713,1.559,D:\zju_soft_study\blade_fracture\后处理\outputs\linearization\28mps_10.5rpm.lin,4780.84747653,134480.460131,724089.737541,166.219676573,15606.0344,30387.2419069
28,11.0,28.0,11.0002737045,0.0,0.00027370449999963853,1.403,D:\zju_soft_study\blade_fracture\后处理\outputs\linearization\28mps_11rpm.lin,5457.16942557,110075.284981,779079.361929,212.717181183,16734.2550858,33155.120443
28,11.5,28.0,11.4998941422,0.0,-0.00010585779999949807,1.078,D:\zju_soft_study\blade_fracture\后处理\outputs\linearization\28mps_11.5rpm.lin,3515.58641946,31692.5448485,913437.964887,138.280085048,14373.1375085,42818.6355681
28,12.0,28.0,12.0009527206,0.0,0.0009527206000008448,0.926,D:\zju_soft_study\blade_fracture\后处理\outputs\linearization\28mps_12rpm.lin,2966.41009429,49150.8008359,920847.025376,112.783621707,13230.1277268,44204.3093763
29,1.0,29.0,0.999796807766,0.0,-0.00020319223400000475,8.398,D:\zju_soft_study\blade_fracture\后处理\outputs\linearization\29mps_1rpm.lin,13317.9286543,251404.968069,-252280.479169,-0.970530391793,-1922.21539061,1764.22321869
29,1.5,29.0,1.49996697903,0.0,-3.3020969999908445e-05,7.691,D:\zju_soft_study\blade_fracture\后处理\outputs\linearization\29mps_1.5rpm.lin,7758.09476621,168850.886628,-331420.274621,0.624062633859,-1481.57019893,509.059572275
29,2.0,29.0,1.99971759319,0.0,-0.0002824068100000243,7.197,D:\zju_soft_study\blade_fracture\后处理\outputs\linearization\29mps_2rpm.lin,7021.52922644,168571.808992,-377851.341944,47.6918310862,-777.977987752,-828.69756294
29,2.5,29.0,2.49897074699,0.0,-0.0010292530100000086,6.699,D:\zju_soft_study\blade_fracture\后处理\outputs\linearization\29mps_2.5rpm.lin,5484.80161987,190725.552321,-404952.245654,104.90953783,653.568765124,-2128.78440171
29,3.0,29.0,2.99991631508,0.0,-8.368491999988237e-05,6.283,D:\zju_soft_study\blade_fracture\后处理\outputs\linearization\29mps_3rpm.lin,13002.3352849,284884.46164,-414291.457714,181.917195154,2542.48972763,-3045.06925065
29,3.5,29.0,3.4999396801,0.0,-6.0319900000216364e-05,5.835,D:\zju_soft_study\blade_fracture\后处理\outputs\linearization\29mps_3.5rpm.lin,16587.2571899,287964.284839,-360240.051716,181.34246655,1993.46389874,-3683.88362047
29,4.0,29.0,4.00014305115,0.0,0.0001430511500002396,5.612,D:\zju_soft_study\blade_fracture\后处理\outputs\linearization\29mps_4rpm.lin,8607.083321,198579.254947,-380372.356242,19.0925837448,591.313493357,-3934.10503256
29,4.5,29.0,4.50044441223,0.0,0.0004444122300002462,5.201,D:\zju_soft_study\blade_fracture\后处理\outputs\linearization\29mps_4.5rpm.lin,37978.92972,250978.890993,-276731.453076,-335.242232128,1667.62206408,-3235.30914356
29,5.0,29.0,5.00051212311,0.0,0.0005121231100000401,4.787,D:\zju_soft_study\blade_fracture\后处理\outputs\linearization\29mps_5rpm.lin,76416.1874603,293309.165396,-159267.943101,-2942.58887421,2985.93500267,-1530.53589141
29,5.5,29.0,5.50007104874,0.0,7.104873999974615e-05,4.469,D:\zju_soft_study\blade_fracture\后处理\outputs\linearization\29mps_5.5rpm.lin,146354.841978,265601.728607,-99787.7619945,-2557.10407612,3471.64141941,-740.033183438
29,6.0,29.0,5.99967002869,0.0,-0.00032997131000023217,3.841,D:\zju_soft_study\blade_fracture\后处理\outputs\linearization\29mps_6rpm.lin,-112522.035865,207406.309825,115386.537967,-7704.06152692,4538.17317186,3431.14432744
29,6.5,29.0,6.50034952164,0.0,0.00034952163999957264,3.529,D:\zju_soft_study\blade_fracture\后处理\outputs\linearization\29mps_6.5rpm.lin,-130307.936429,167993.029841,182544.353529,-2316.17825486,5132.44552209,6190.62992708
29,7.0,29.0,7.00019550323,0.0,0.00019550322999961622,3.115,D:\zju_soft_study\blade_fracture\后处理\outputs\linearization\29mps_7rpm.lin,-195645.944996,156618.266156,359602.636169,-1529.07232515,6871.62811661,10727.291844
29,7.5,29.0,7.50038433075,0.0,0.0003843307500002169,2.841,D:\zju_soft_study\blade_fracture\后处理\outputs\linearization\29mps_7.5rpm.lin,-216388.221637,136411.39783,400339.935403,-2850.12155838,6954.62413149,12267.4516359
29,8.0,29.0,8.00004577637,0.0,4.577636999947288e-05,2.589,D:\zju_soft_study\blade_fracture\后处理\outputs\linearization\29mps_8rpm.lin,-151287.212158,125476.786546,483748.266429,-2180.54234911,9174.77183114,15560.616088
29,8.5,29.0,8.49868583679,0.0,-0.0013141632100008849,2.355,D:\zju_soft_study\blade_fracture\后处理\outputs\linearization\29mps_8.5rpm.lin,-78894.9359394,178854.614737,597287.015507,-811.117719035,13045.7848799,20072.3230072
29,9.0,29.0,8.99851226807,0.0,-0.0014877319300001801,2.203,D:\zju_soft_study\blade_fracture\后处理\outputs\linearization\29mps_9rpm.lin,6736.63457042,186446.881473,690048.882538,265.820602563,14411.3317949,24192.8071819
29,9.5,29.0,9.49963474274,0.0,-0.0003652572600003623,1.988,D:\zju_soft_study\blade_fracture\后处理\outputs\linearization\29mps_9.5rpm.lin,7924.97421157,178258.057917,796203.638031,248.221023483,15705.7632553,28180.5710549
29,10.0,29.0,9.9998922348,0.0,-0.0001077651999992213,1.716,D:\zju_soft_study\blade_fracture\后处理\outputs\linearization\29mps_10rpm.lin,6051.82749271,172224.841246,760572.825146,202.289093226,17603.2547601,28645.2040169
29,10.5,29.0,10.5013189316,0.0,0.0013189316000001838,1.537,D:\zju_soft_study\blade_fracture\后处理\outputs\linearization\29mps_10.5rpm.lin,4929.77449386,131755.354451,733235.576346,152.206338199,16339.5402429,29011.0241404
29,11.0,29.0,10.999379158,0.0,-0.0006208420000000103,1.379,D:\zju_soft_study\blade_fracture\后处理\outputs\linearization\29mps_11rpm.lin,5546.8117406,119060.504346,799519.63127,210.560549632,17207.3585134,32706.601919
29,11.5,29.0,11.4998722076,0.0,-0.00012779240000071468,1.054,D:\zju_soft_study\blade_fracture\后处理\outputs\linearization\29mps_11.5rpm.lin,3763.14992169,46080.1754913,916986.722231,150.829006296,15711.5110821,41409.2936791
29,12.0,29.0,12.0004968643,0.0,0.0004968643000005102,0.919,D:\zju_soft_study\blade_fracture\后处理\outputs\linearization\29mps_12rpm.lin,3045.43059233,54636.4921278,933115.484164,112.681437502,14006.6014759,43684.2830338
30,1.0,30.0,1.00039505959,0.0,0.0003950595899999687,7.728,D:\zju_soft_study\blade_fracture\后处理\outputs\linearization\30mps_1rpm.lin,7843.28024737,188215.60081,-379985.609731,26.2859308805,-2191.13515791,414.345284413
30,1.5,30.0,1.49972426891,0.0,-0.0002757310899998977,7.492,D:\zju_soft_study\blade_fracture\后处理\outputs\linearization\30mps_1.5rpm.lin,16184.4620566,317188.935107,-296169.046276,119.132257155,-505.54768631,787.540700813
30,2.0,30.0,1.99957680702,0.0,-0.00042319298000004224,6.752,D:\zju_soft_study\blade_fracture\后处理\outputs\linearization\30mps_2rpm.lin,4055.18706121,177644.058291,-400841.273474,45.8832067553,-380.522925529,-1640.49734716
30,2.5,30.0,2.49947977066,0.0,-0.0005202293400001778,6.554,D:\zju_soft_study\blade_fracture\后处理\outputs\linearization\30mps_2.5rpm.lin,12624.8823642,274466.735409,-368082.411537,151.4573207,1268.00429691,-1543.65684873
30,3.0,30.0,3.00041532516,0.0,0.0004153251600000907,5.963,D:\zju_soft_study\blade_fracture\后处理\outputs\linearization\30mps_3rpm.lin,12154.3986694,203176.375327,-352698.494738,36.5776746801,-426.799644714,-2513.0689854
30,3.5,30.0,3.49950885773,0.0,-0.0004911422700000223,5.716,D:\zju_soft_study\blade_fracture\后处理\outputs\linearization\30mps_3.5rpm.lin,4926.15776731,148375.762828,-340702.190902,-101.051346703,-1754.75323251,-2719.92689249
30,4.0,30.0,4.00082063675,0.0,0.0008206367500003253,5.493,D:\zju_soft_study\blade_fracture\后处理\outputs\linearization\30mps_4rpm.lin,8797.38809164,190010.131017,-327380.922165,-86.9059263949,-1074.59592924,-2479.94486287
30,4.5,30.0,4.49981689453,0.0,-0.00018310546999966704,5.037,D:\zju_soft_study\blade_fracture\后处理\outputs\linearization\30mps_4.5rpm.lin,23002.189718,299200.774646,-211020.355947,-15.4081174719,1846.65086344,-1965.01023508
30,5.0,30.0,5.00033378601,0.0,0.00033378600999967034,4.683,D:\zju_soft_study\blade_fracture\后处理\outputs\linearization\30mps_5rpm.lin,53782.9795872,272334.559204,-141090.857051,-3042.15278412,2077.35992858,-1637.51785472
30,5.5,30.0,5.49983787537,0.0,-0.00016212463000009336,4.389,D:\zju_soft_study\blade_fracture\后处理\outputs\linearization\30mps_5.5rpm.lin,94744.5709615,278406.017699,-121989.876556,-2688.61507722,3052.73884166,-1081.23402667
30,6.0,30.0,6.00052785873,0.0,0.0005278587299999415,3.754,D:\zju_soft_study\blade_fracture\后处理\outputs\linearization\30mps_6rpm.lin,-160260.923211,211398.391608,139773.054122,-8262.37002211,4854.92834547,3834.3409946
30,6.5,30.0,6.49974155426,0.0,-0.0002584457400001128,3.467,D:\zju_soft_study\blade_fracture\后处理\outputs\linearization\30mps_6.5rpm.lin,-229794.083756,213049.743128,205777.792121,-6218.63113259,6492.94547263,6345.28376944
30,7.0,30.0,7.00033044815,0.0,0.00033044814999971805,3.072,D:\zju_soft_study\blade_fracture\后处理\outputs\linearization\30mps_7rpm.lin,-237963.802278,169745.477019,388873.617528,-3555.50822045,7315.14131378,10957.8178319
30,7.5,30.0,7.50049066544,0.0,0.0004906654400000932,2.806,D:\zju_soft_study\blade_fracture\后处理\outputs\linearization\30mps_7.5rpm.lin,-321107.667843,158118.686449,417163.408662,-5512.7889214,7856.06010487,12178.0388862
30,8.0,30.0,7.9996304512,0.0,-0.00036954880000017454,2.533,D:\zju_soft_study\blade_fracture\后处理\outputs\linearization\30mps_8rpm.lin,-299913.675017,146505.513764,540642.975485,-4537.71113287,10225.6772794,16808.2540681
30,8.5,30.0,8.49914932251,0.0,-0.0008506774899998959,2.331,D:\zju_soft_study\blade_fracture\后处理\outputs\linearization\30mps_8.5rpm.lin,-205156.272331,199115.362407,609584.122185,-2758.46482665,13716.9113843,19814.8277169
30,9.0,30.0,8.99851894379,0.0,-0.0014810562100002755,2.187,D:\zju_soft_study\blade_fracture\后处理\outputs\linearization\30mps_9rpm.lin,-13308.480666,217384.210721,732053.850894,552.838329289,15492.0209529,24516.5507174
30,9.5,30.0,9.50022220612,0.0,0.00022220612000012352,1.939,D:\zju_soft_study\blade_fracture\后处理\outputs\linearization\30mps_9.5rpm.lin,6006.98649564,196218.405307,805965.406466,257.318170866,16648.9917725,28621.1442657
30,10.0,30.0,9.99991893768,0.0,-8.1062319999603e-05,1.694,D:\zju_soft_study\blade_fracture\后处理\outputs\linearization\30mps_10rpm.lin,6710.82148891,193858.851879,764647.987464,209.962237269,18474.8009423,27996.0383588
30,10.5,30.0,10.499671936,0.0,-0.0003280639999996282,1.515,D:\zju_soft_study\blade_fracture\后处理\outputs\linearization\30mps_10.5rpm.lin,5370.12437405,142253.529287,735885.506149,161.910286228,16637.7162234,28400.1302725
30,11.0,30.0,11.0002679825,0.0,0.0002679825000004854,1.346,D:\zju_soft_study\blade_fracture\后处理\outputs\linearization\30mps_11rpm.lin,5675.14840514,127119.599226,807891.977052,206.765997043,17829.7010069,32089.3294194
30,11.5,30.0,11.5014638901,0.0,0.0014638901000001425,1.033,D:\zju_soft_study\blade_fracture\后处理\outputs\linearization\30mps_11.5rpm.lin,3844.0682412,66361.6781192,925692.099731,157.024242644,16936.4770077,39537.221227
30,12.0,30.0,12.0004043579,0.0,0.00040435790000081795,0.911,D:\zju_soft_study\blade_fracture\后处理\outputs\linearization\30mps_12rpm.lin,3191.1678031,66175.1180633,955170.77829,115.873160556,15113.0786245,43472.9488939
